regime,method,role_key,point_count,marker_k,marker_error,table_error,marker_source,initial_point_policy,png,pdf,source_json,source_sha256
weak-weak,SNAKE,snake,31,13,0.00045236490925915085,0.00045236490925915085,trajectory_points_at_displayed_k_pl,x=0 uses first delta_abs_current; first delta_abs_prev is omitted to match comparator support-CSV trajectory convention,MATH/paper_details/figures/paper_i_physical_lane_snake_duplicate_20260708/paper_i_physical_lane_snake_duplicate_20260708__weak_weak.png,MATH/paper_details/figures/paper_i_physical_lane_snake_duplicate_20260708/paper_i_physical_lane_snake_duplicate_20260708__weak_weak.pdf,raw_outputs/paper_i_hh_physical_operator_lanes_nobatch_factor3_20260708/weak_weak/json/result.json,bb51341389bac493f99fac05bd425f6cdfca28a1d87983aa812d979b6301d1cb
weak-weak,Geo-ADAPT,geo_macro_c,31,5,0.001127815214085226,0.0013117770378563431,trajectory_points_at_displayed_k_pl,support CSV trajectory_points_json,MATH/paper_details/figures/paper_i_physical_lane_snake_duplicate_20260708/paper_i_physical_lane_snake_duplicate_20260708__weak_weak.png,MATH/paper_details/figures/paper_i_physical_lane_snake_duplicate_20260708/paper_i_physical_lane_snake_duplicate_20260708__weak_weak.pdf,output/chtc_retrievals/paper_i_hh_fullmeta_singleton_symmetry_20260630_current_fetch/raw_outputs/paper_i_hh_fullmeta_singleton_symmetry_20260630_schedfix_powell/paper_i_hh_fullmeta_singleton_symmetry_20260630_schedfix_powell__weak_weak__geo__C_macro_only__native_forced__powell200__depth30_noearlystop__fullmeta_singleton_symmetry/result/generic_static_single.json,3db70cc75f545fa6439fe23d3ef45114bdf92adc9d596c5e606d6436780c5f45
weak-weak,Append-ADAPT,append_macro_c,31,23,0.00036917404831438017,0.0009192819178269751,trajectory_points_at_displayed_k_pl,support CSV trajectory_points_json,MATH/paper_details/figures/paper_i_physical_lane_snake_duplicate_20260708/paper_i_physical_lane_snake_duplicate_20260708__weak_weak.png,MATH/paper_details/figures/paper_i_physical_lane_snake_duplicate_20260708/paper_i_physical_lane_snake_duplicate_20260708__weak_weak.pdf,output/chtc_retrievals/paper_i_hh_fullmeta_singleton_symmetry_20260630_current_fetch/raw_outputs/paper_i_hh_fullmeta_singleton_symmetry_20260630_schedfix_powell/paper_i_hh_fullmeta_singleton_symmetry_20260630_schedfix_powell__weak_weak__append__C_macro_only__native_forced__powell200__depth30_noearlystop__fullmeta_singleton_symmetry/result/generic_static_single.json,a0b53b4643d97588a04fb688f09dd48964a90a1cd650e95d6cad68d167c8c3a6
intermediate-weak,SNAKE,snake,31,10,0.00021581402163145524,0.00021581402163145524,trajectory_points_at_displayed_k_pl,x=0 uses first delta_abs_current; first delta_abs_prev is omitted to match comparator support-CSV trajectory convention,MATH/paper_details/figures/paper_i_physical_lane_snake_duplicate_20260708/paper_i_physical_lane_snake_duplicate_20260708__intermediate_weak.png,MATH/paper_details/figures/paper_i_physical_lane_snake_duplicate_20260708/paper_i_physical_lane_snake_duplicate_20260708__intermediate_weak.pdf,raw_outputs/paper_i_hh_physical_operator_lanes_nobatch_factor3_20260708/intermediate_weak/json/result.json,aee2bdfc258555013392ebda3ab97bc822b248bee0ffa41b9bada35bb70ab1e9
intermediate-weak,Geo-ADAPT,geo_macro_c,31,4,0.07795429664731951,0.09893293320249796,trajectory_points_at_displayed_k_pl,support CSV trajectory_points_json,MATH/paper_details/figures/paper_i_physical_lane_snake_duplicate_20260708/paper_i_physical_lane_snake_duplicate_20260708__intermediate_weak.png,MATH/paper_details/figures/paper_i_physical_lane_snake_duplicate_20260708/paper_i_physical_lane_snake_duplicate_20260708__intermediate_weak.pdf,output/chtc_retrievals/paper_i_hh_fullmeta_singleton_symmetry_20260630_current_fetch/raw_outputs/paper_i_hh_fullmeta_singleton_symmetry_20260630_schedfix_powell/paper_i_hh_fullmeta_singleton_symmetry_20260630_schedfix_powell__intermediate_weak__geo__C_macro_only__native_forced__powell200__depth30_noearlystop__fullmeta_singleton_symmetry/result/generic_static_single.json,548746aee514688474bf93659f6595a2f4284c879fd8f257479b347bbca2d255
intermediate-weak,Append-ADAPT,append_macro_c,31,28,0.003946816613623283,0.005223690514773949,trajectory_points_at_displayed_k_pl,support CSV trajectory_points_json,MATH/paper_details/figures/paper_i_physical_lane_snake_duplicate_20260708/paper_i_physical_lane_snake_duplicate_20260708__intermediate_weak.png,MATH/paper_details/figures/paper_i_physical_lane_snake_duplicate_20260708/paper_i_physical_lane_snake_duplicate_20260708__intermediate_weak.pdf,output/chtc_retrievals/paper_i_hh_fullmeta_singleton_symmetry_20260630_current_fetch/raw_outputs/paper_i_hh_fullmeta_singleton_symmetry_20260630_schedfix_powell/paper_i_hh_fullmeta_singleton_symmetry_20260630_schedfix_powell__intermediate_weak__append__C_macro_only__native_forced__powell200__depth30_noearlystop__fullmeta_singleton_symmetry/result/generic_static_single.json,eb3876dbfdbc1fae7e3859d2fe44b9da63824301eb894339b08ed97497aaba0c
strong-weak,SNAKE,snake,31,11,1.5912792076244742e-06,1.5912792076244742e-06,trajectory_points_at_displayed_k_pl,x=0 uses first delta_abs_current; first delta_abs_prev is omitted to match comparator support-CSV trajectory convention,MATH/paper_details/figures/paper_i_physical_lane_snake_duplicate_20260708/paper_i_physical_lane_snake_duplicate_20260708__strong_weak.png,MATH/paper_details/figures/paper_i_physical_lane_snake_duplicate_20260708/paper_i_physical_lane_snake_duplicate_20260708__strong_weak.pdf,raw_outputs/paper_i_hh_physical_operator_lanes_nobatch_factor3_20260708/strong_weak/json/result.json,a77f913eb2c2b1cbf8adfeebd4e6cca23dc0f966a2d06467a3d902554042a745
strong-weak,Geo-ADAPT,geo_macro_c,31,6,1.958072529117949e-06,2.354651946201436e-06,trajectory_points_at_displayed_k_pl,support CSV trajectory_points_json,MATH/paper_details/figures/paper_i_physical_lane_snake_duplicate_20260708/paper_i_physical_lane_snake_duplicate_20260708__strong_weak.png,MATH/paper_details/figures/paper_i_physical_lane_snake_duplicate_20260708/paper_i_physical_lane_snake_duplicate_20260708__strong_weak.pdf,output/chtc_retrievals/paper_i_hh_fullmeta_singleton_symmetry_20260630_current_fetch/raw_outputs/paper_i_hh_fullmeta_singleton_symmetry_20260630_schedfix_powell/paper_i_hh_fullmeta_singleton_symmetry_20260630_schedfix_powell__strong_weak__geo__C_macro_only__native_forced__powell200__depth30_noearlystop__fullmeta_singleton_symmetry/result/generic_static_single.json,5832452cc10b4bc4c2faa22cd062ebfd41b9d39efa1219bbf3c5acdeda2e51ab
strong-weak,Append-ADAPT,append_macro_c,31,6,1.958072529451016e-06,2.3546519453132575e-06,trajectory_points_at_displayed_k_pl,support CSV trajectory_points_json,MATH/paper_details/figures/paper_i_physical_lane_snake_duplicate_20260708/paper_i_physical_lane_snake_duplicate_20260708__strong_weak.png,MATH/paper_details/figures/paper_i_physical_lane_snake_duplicate_20260708/paper_i_physical_lane_snake_duplicate_20260708__strong_weak.pdf,output/chtc_retrievals/paper_i_hh_fullmeta_singleton_symmetry_20260630_current_fetch/raw_outputs/paper_i_hh_fullmeta_singleton_symmetry_20260630_schedfix_powell/paper_i_hh_fullmeta_singleton_symmetry_20260630_schedfix_powell__strong_weak__append__C_macro_only__native_forced__powell200__depth30_noearlystop__fullmeta_singleton_symmetry/result/generic_static_single.json,4debf76c8b85567938266e1d434c580cda585b16748fab6781144d960f6c548a
weak-strong,SNAKE,snake,51,50,3.474276848813851e-05,3.474276848813851e-05,terminal_depth50_result,stitched depth-30/depth-45/depth-50 cumulative trajectory; x=0 uses the depth-30 first post-admission error; terminal segment uses the completed CHTC depth-50 result energy,MATH/paper_details/figures/paper_i_physical_lane_snake_duplicate_20260708/paper_i_physical_lane_snake_duplicate_20260708__weak_strong.png,MATH/paper_details/figures/paper_i_physical_lane_snake_duplicate_20260708/paper_i_physical_lane_snake_duplicate_20260708__weak_strong.pdf,MATH/paper_details/figures/paper_i_physical_lane_snake_duplicate_20260708/paper_i_physical_lane_snake_duplicate_20260708__weak_strong_snake_depth50_stitched_source.json,142b978eb9d196a906dd2261f2cc4f476326bc0d5a3c0d8604be6d142c5b302f
weak-strong,Geo-ADAPT,geo_macro_c,31,8,0.04139381176829238,0.043646714159213396,trajectory_points_at_displayed_k_pl,support CSV trajectory_points_json,MATH/paper_details/figures/paper_i_physical_lane_snake_duplicate_20260708/paper_i_physical_lane_snake_duplicate_20260708__weak_strong.png,MATH/paper_details/figures/paper_i_physical_lane_snake_duplicate_20260708/paper_i_physical_lane_snake_duplicate_20260708__weak_strong.pdf,output/chtc_retrievals/paper_i_hh_fullmeta_singleton_symmetry_20260630_current_fetch/raw_outputs/paper_i_hh_fullmeta_singleton_symmetry_20260630_schedfix_powell/paper_i_hh_fullmeta_singleton_symmetry_20260630_schedfix_powell__weak_strong__geo__C_macro_only__native_forced__powell200__depth30_noearlystop__fullmeta_singleton_symmetry/result/generic_static_single.json,25bd7623cd9606c238851827b6d54e2fa98dd8dbc9da707ca17edd2678594259
weak-strong,Append-ADAPT,append_macro_c,31,23,0.019354949951648548,0.023007750483881706,trajectory_points_at_displayed_k_pl,support CSV trajectory_points_json,MATH/paper_details/figures/paper_i_physical_lane_snake_duplicate_20260708/paper_i_physical_lane_snake_duplicate_20260708__weak_strong.png,MATH/paper_details/figures/paper_i_physical_lane_snake_duplicate_20260708/paper_i_physical_lane_snake_duplicate_20260708__weak_strong.pdf,output/chtc_retrievals/paper_i_hh_fullmeta_singleton_symmetry_20260630_current_fetch/raw_outputs/paper_i_hh_fullmeta_singleton_symmetry_20260630_schedfix_powell/paper_i_hh_fullmeta_singleton_symmetry_20260630_schedfix_powell__weak_strong__append__C_macro_only__native_forced__powell200__depth30_noearlystop__fullmeta_singleton_symmetry/result/generic_static_single.json,22618c3753c502121b4aeb03d07a76368b0ae8fb948054b827e1284c4def6579
intermediate-strong,SNAKE,snake,46,45,1.8105198894780017e-05,1.8105198894780017e-05,terminal_depth45_result,stitched depth-30/depth-45 cumulative trajectory; x=0 uses the depth-30 first post-admission error; terminal segment uses the completed local depth-45 final-refit energy,MATH/paper_details/figures/paper_i_physical_lane_snake_duplicate_20260708/paper_i_physical_lane_snake_duplicate_20260708__intermediate_strong.png,MATH/paper_details/figures/paper_i_physical_lane_snake_duplicate_20260708/paper_i_physical_lane_snake_duplicate_20260708__intermediate_strong.pdf,MATH/paper_details/figures/paper_i_physical_lane_snake_duplicate_20260708/paper_i_physical_lane_snake_duplicate_20260708__intermediate_strong_snake_depth45_stitched_source.json,159057a9328998d2b1bc6b422c97817ad43f2c4906e22f8b8f7bab2cc60b8ffa
intermediate-strong,Geo-ADAPT,geo_macro_c,31,8,0.026725016240164545,0.02897791863102661,trajectory_points_at_displayed_k_pl,support CSV trajectory_points_json,MATH/paper_details/figures/paper_i_physical_lane_snake_duplicate_20260708/paper_i_physical_lane_snake_duplicate_20260708__intermediate_strong.png,MATH/paper_details/figures/paper_i_physical_lane_snake_duplicate_20260708/paper_i_physical_lane_snake_duplicate_20260708__intermediate_strong.pdf,output/chtc_retrievals/paper_i_hh_fullmeta_singleton_symmetry_20260630_current_fetch/raw_outputs/paper_i_hh_fullmeta_singleton_symmetry_20260630_schedfix_powell/paper_i_hh_fullmeta_singleton_symmetry_20260630_schedfix_powell__intermediate_strong__geo__C_macro_only__native_forced__powell200__depth30_noearlystop__fullmeta_singleton_symmetry/result/generic_static_single.json,de9f753615c18471814ffbc7c2e1fbeb7e9ae399025e90985b7635500e21c01e
intermediate-strong,Append-ADAPT,append_macro_c,31,25,0.008150300978024494,0.009295831578261082,trajectory_points_at_displayed_k_pl,support CSV trajectory_points_json,MATH/paper_details/figures/paper_i_physical_lane_snake_duplicate_20260708/paper_i_physical_lane_snake_duplicate_20260708__intermediate_strong.png,MATH/paper_details/figures/paper_i_physical_lane_snake_duplicate_20260708/paper_i_physical_lane_snake_duplicate_20260708__intermediate_strong.pdf,output/chtc_retrievals/paper_i_hh_fullmeta_singleton_symmetry_20260630_current_fetch/raw_outputs/paper_i_hh_fullmeta_singleton_symmetry_20260630_schedfix_powell/paper_i_hh_fullmeta_singleton_symmetry_20260630_schedfix_powell__intermediate_strong__append__C_macro_only__native_forced__powell200__depth30_noearlystop__fullmeta_singleton_symmetry/result/generic_static_single.json,1c24d47f5376fe6950ceb1e78b833cf4a6da5e318760b9caee395e3e45b3b257
strong-strong,SNAKE,snake,31,13,4.682526561594624e-05,4.682526561594624e-05,trajectory_points_at_displayed_k_pl,x=0 uses first delta_abs_current; first delta_abs_prev is omitted to match comparator support-CSV trajectory convention,MATH/paper_details/figures/paper_i_physical_lane_snake_duplicate_20260708/paper_i_physical_lane_snake_duplicate_20260708__strong_strong.png,MATH/paper_details/figures/paper_i_physical_lane_snake_duplicate_20260708/paper_i_physical_lane_snake_duplicate_20260708__strong_strong.pdf,raw_outputs/paper_i_hh_physical_operator_lanes_nobatch_factor3_20260708/strong_strong/json/result.json,d789821367b4cf512346794f38193e68c1cf2aa6644474f29b041485579e9124
strong-strong,Geo-ADAPT,geo_macro_c,31,6,4.080673884965247e-05,4.982206763848307e-05,trajectory_points_at_displayed_k_pl,support CSV trajectory_points_json,MATH/paper_details/figures/paper_i_physical_lane_snake_duplicate_20260708/paper_i_physical_lane_snake_duplicate_20260708__strong_strong.png,MATH/paper_details/figures/paper_i_physical_lane_snake_duplicate_20260708/paper_i_physical_lane_snake_duplicate_20260708__strong_strong.pdf,output/chtc_retrievals/paper_i_hh_fullmeta_singleton_symmetry_20260630_current_fetch/raw_outputs/paper_i_hh_fullmeta_singleton_symmetry_20260630_schedfix_powell/paper_i_hh_fullmeta_singleton_symmetry_20260630_schedfix_powell__strong_strong__geo__C_macro_only__native_forced__powell200__depth30_noearlystop__fullmeta_singleton_symmetry/result/generic_static_single.json,cf8343a8dd6b59208c9bba8927bc3673eac99e03ef77f4e9df763388c8d7be63
strong-strong,Append-ADAPT,append_macro_c,31,8,3.61579243989274e-05,3.61579243989274e-05,trajectory_points_at_displayed_k_pl_strong_strong_append_k8_override,support CSV trajectory_points_json,MATH/paper_details/figures/paper_i_physical_lane_snake_duplicate_20260708/paper_i_physical_lane_snake_duplicate_20260708__strong_strong.png,MATH/paper_details/figures/paper_i_physical_lane_snake_duplicate_20260708/paper_i_physical_lane_snake_duplicate_20260708__strong_strong.pdf,output/chtc_retrievals/paper_i_hh_fullmeta_singleton_symmetry_20260630_current_fetch/raw_outputs/paper_i_hh_fullmeta_singleton_symmetry_20260630_schedfix_powell/paper_i_hh_fullmeta_singleton_symmetry_20260630_schedfix_powell__strong_strong__append__C_macro_only__native_forced__powell200__depth30_noearlystop__fullmeta_singleton_symmetry/result/generic_static_single.json,3044eab7111c647fbe211781365ed837b2c4d8e39c9a0a5104bdf2ee35534524
