r70_fresh__weak_weak__nph3__append_macro	jobs/r70_fresh__weak_weak__nph3__append_macro.json	2b65bcb8b742aa26bf9d6d3fd2a68bca23eda78e3ab67a5490736b8fd2292f3a	1f949b0cc8b61dca63911832e8dc8bb32614174755ac476827956bb0812accee	1	32768	20480
r70_fresh__weak_weak__nph3__append_singleton	jobs/r70_fresh__weak_weak__nph3__append_singleton.json	52afd81254c855470d9f00a543f9c2d2fb459eb81cd46d2b7da1fb5b35548407	1f949b0cc8b61dca63911832e8dc8bb32614174755ac476827956bb0812accee	1	32768	20480
r70_fresh__intermediate_weak__nph3__append_macro	jobs/r70_fresh__intermediate_weak__nph3__append_macro.json	2ac84ecf23e2d11787ef117b991054cd32ad527e47fbbe9fa5f99d17349d59e0	1f949b0cc8b61dca63911832e8dc8bb32614174755ac476827956bb0812accee	1	32768	20480
r70_fresh__intermediate_weak__nph3__append_singleton	jobs/r70_fresh__intermediate_weak__nph3__append_singleton.json	22306ac0fdae58a4ed52551b27e361a4e2a633077b9c4b7c7f1355a31744cd94	1f949b0cc8b61dca63911832e8dc8bb32614174755ac476827956bb0812accee	1	32768	20480
r70_fresh__strong_weak_u8__nph3__append_macro	jobs/r70_fresh__strong_weak_u8__nph3__append_macro.json	8a5f222524e14db6b7c51329923209482ba4ea564b632db16c46be8fba74d82f	1f949b0cc8b61dca63911832e8dc8bb32614174755ac476827956bb0812accee	1	32768	20480
r70_fresh__strong_weak_u8__nph3__append_singleton	jobs/r70_fresh__strong_weak_u8__nph3__append_singleton.json	2468a24a6686c230031b826c09189e811b9b4c24d31bc32b5cd393ca697ec337	1f949b0cc8b61dca63911832e8dc8bb32614174755ac476827956bb0812accee	1	32768	20480
r70_fresh__weak_strong__nph7__append_macro	jobs/r70_fresh__weak_strong__nph7__append_macro.json	6216bb0beffc4ed66556fd46117c1cf491c14bb71be32ad44dfc7680d67ca8fa	1f949b0cc8b61dca63911832e8dc8bb32614174755ac476827956bb0812accee	1	65536	40960
r70_fresh__weak_strong__nph7__append_singleton	jobs/r70_fresh__weak_strong__nph7__append_singleton.json	1429a8ffa7270d1b325f4eaad4977cbd1c1397d8149d5b3d5e5e709a57c3433e	1f949b0cc8b61dca63911832e8dc8bb32614174755ac476827956bb0812accee	1	65536	40960
r70_fresh__intermediate_strong__nph7__append_macro	jobs/r70_fresh__intermediate_strong__nph7__append_macro.json	70af8545c4dc64bf7299d548ac6fb4705cde877f7ae837b9bbd61b203057dbc0	1f949b0cc8b61dca63911832e8dc8bb32614174755ac476827956bb0812accee	1	65536	40960
r70_fresh__intermediate_strong__nph7__append_singleton	jobs/r70_fresh__intermediate_strong__nph7__append_singleton.json	d26b0d5da3828815baf28e0484274547b6862b7337ec7dd69ef3b24208991d9e	1f949b0cc8b61dca63911832e8dc8bb32614174755ac476827956bb0812accee	1	65536	40960
r70_fresh__strong_strong_u8__nph7__append_macro	jobs/r70_fresh__strong_strong_u8__nph7__append_macro.json	d858ae37062caf879cff8414de62e5d2491020d602c68a1ed76d2f918131f080	1f949b0cc8b61dca63911832e8dc8bb32614174755ac476827956bb0812accee	1	65536	40960
r70_fresh__strong_strong_u8__nph7__append_singleton	jobs/r70_fresh__strong_strong_u8__nph7__append_singleton.json	0c4440473f4d34ce28a5ee793daee147b0e8a83387cf5cfd660e8fbf444d2829	1f949b0cc8b61dca63911832e8dc8bb32614174755ac476827956bb0812accee	1	65536	40960
