page16_macro_gradient_phase0_phase23_qiskit_no_lanes__weak_weak__nph3__ra_page16_macro_gradient_phase0_macro_phase123_qiskit_phase23_no_lanes_always_commutation_reduced	jobs/page16_macro_gradient_phase0_phase23_qiskit_no_lanes__weak_weak__nph3__ra_page16_macro_gradient_phase0_macro_phase123_qiskit_phase23_no_lanes_always_commutation_reduced.json	bundle_materialization/ra_adapt_page16_insertion_comparators_weak50_strong30_20260812_v1/protocols/page16_macro_gradient_phase0_phase23_qiskit_no_lanes__weak_weak__nph3__ra_page16_macro_gradient_phase0_macro_phase123_qiskit_phase23_no_lanes_always_commutation_reduced.json	377e417a5ba05288afb674277aba84d1111770ef0d66350327b812707d2017a4	4	32768	61440	259200
page16_macro_gradient_phase0_phase23_qiskit_no_lanes__intermediate_weak__nph3__ra_page16_macro_gradient_phase0_macro_phase123_qiskit_phase23_no_lanes_always_commutation_reduced	jobs/page16_macro_gradient_phase0_phase23_qiskit_no_lanes__intermediate_weak__nph3__ra_page16_macro_gradient_phase0_macro_phase123_qiskit_phase23_no_lanes_always_commutation_reduced.json	bundle_materialization/ra_adapt_page16_insertion_comparators_weak50_strong30_20260812_v1/protocols/page16_macro_gradient_phase0_phase23_qiskit_no_lanes__intermediate_weak__nph3__ra_page16_macro_gradient_phase0_macro_phase123_qiskit_phase23_no_lanes_always_commutation_reduced.json	41284fcefeacdb17c7cd8321be86adab0abbdfa569ba616590140093848e390c	4	32768	61440	259200
page16_macro_gradient_phase0_phase23_qiskit_no_lanes__strong_weak_u8__nph3__ra_page16_macro_gradient_phase0_macro_phase123_qiskit_phase23_no_lanes_always_commutation_reduced	jobs/page16_macro_gradient_phase0_phase23_qiskit_no_lanes__strong_weak_u8__nph3__ra_page16_macro_gradient_phase0_macro_phase123_qiskit_phase23_no_lanes_always_commutation_reduced.json	bundle_materialization/ra_adapt_page16_insertion_comparators_weak50_strong30_20260812_v1/protocols/page16_macro_gradient_phase0_phase23_qiskit_no_lanes__strong_weak_u8__nph3__ra_page16_macro_gradient_phase0_macro_phase123_qiskit_phase23_no_lanes_always_commutation_reduced.json	13e6970561a8c9cbcc6c32170d23de267ad11d666e69acdd1e65d78196d2d945	4	32768	61440	259200
page16_macro_gradient_phase0_phase23_qiskit_no_lanes__weak_strong__nph7__ra_page16_macro_gradient_phase0_macro_phase123_qiskit_phase23_no_lanes_always_commutation_reduced	jobs/page16_macro_gradient_phase0_phase23_qiskit_no_lanes__weak_strong__nph7__ra_page16_macro_gradient_phase0_macro_phase123_qiskit_phase23_no_lanes_always_commutation_reduced.json	bundle_materialization/ra_adapt_page16_insertion_comparators_weak50_strong30_20260812_v1/protocols/page16_macro_gradient_phase0_phase23_qiskit_no_lanes__weak_strong__nph7__ra_page16_macro_gradient_phase0_macro_phase123_qiskit_phase23_no_lanes_always_commutation_reduced.json	440324bea0012f45da74d95023804c95fec7366c69e179d33a75815ec56d88bf	4	49152	81920	259200
page16_macro_gradient_phase0_phase23_qiskit_no_lanes__intermediate_strong__nph7__ra_page16_macro_gradient_phase0_macro_phase123_qiskit_phase23_no_lanes_always_commutation_reduced	jobs/page16_macro_gradient_phase0_phase23_qiskit_no_lanes__intermediate_strong__nph7__ra_page16_macro_gradient_phase0_macro_phase123_qiskit_phase23_no_lanes_always_commutation_reduced.json	bundle_materialization/ra_adapt_page16_insertion_comparators_weak50_strong30_20260812_v1/protocols/page16_macro_gradient_phase0_phase23_qiskit_no_lanes__intermediate_strong__nph7__ra_page16_macro_gradient_phase0_macro_phase123_qiskit_phase23_no_lanes_always_commutation_reduced.json	f19d811d51a04f44ef21186a383aa5f25220022805dfaf8e6c0df154adc947d8	4	49152	81920	259200
page16_macro_gradient_phase0_phase23_qiskit_no_lanes__strong_strong_u8__nph7__ra_page16_macro_gradient_phase0_macro_phase123_qiskit_phase23_no_lanes_always_commutation_reduced	jobs/page16_macro_gradient_phase0_phase23_qiskit_no_lanes__strong_strong_u8__nph7__ra_page16_macro_gradient_phase0_macro_phase123_qiskit_phase23_no_lanes_always_commutation_reduced.json	bundle_materialization/ra_adapt_page16_insertion_comparators_weak50_strong30_20260812_v1/protocols/page16_macro_gradient_phase0_phase23_qiskit_no_lanes__strong_strong_u8__nph7__ra_page16_macro_gradient_phase0_macro_phase123_qiskit_phase23_no_lanes_always_commutation_reduced.json	b644a73751a955f970a49e62581fa1bcdea605448b730fe926da66c11c26f791	4	49152	81920	259200
page16_macro_gradient_phase0_phase23_qiskit_no_lanes__weak_weak__nph3__ra_page16_macro_gradient_phase0_macro_phase123_qiskit_phase23_no_lanes_append_only	jobs/page16_macro_gradient_phase0_phase23_qiskit_no_lanes__weak_weak__nph3__ra_page16_macro_gradient_phase0_macro_phase123_qiskit_phase23_no_lanes_append_only.json	bundle_materialization/ra_adapt_page16_insertion_comparators_weak50_strong30_20260812_v1/protocols/page16_macro_gradient_phase0_phase23_qiskit_no_lanes__weak_weak__nph3__ra_page16_macro_gradient_phase0_macro_phase123_qiskit_phase23_no_lanes_append_only.json	4978964329d44653568e0057eab57da4ec8ca3a2594ac069beba5bee43b31281	4	32768	61440	259200
page16_macro_gradient_phase0_phase23_qiskit_no_lanes__intermediate_weak__nph3__ra_page16_macro_gradient_phase0_macro_phase123_qiskit_phase23_no_lanes_append_only	jobs/page16_macro_gradient_phase0_phase23_qiskit_no_lanes__intermediate_weak__nph3__ra_page16_macro_gradient_phase0_macro_phase123_qiskit_phase23_no_lanes_append_only.json	bundle_materialization/ra_adapt_page16_insertion_comparators_weak50_strong30_20260812_v1/protocols/page16_macro_gradient_phase0_phase23_qiskit_no_lanes__intermediate_weak__nph3__ra_page16_macro_gradient_phase0_macro_phase123_qiskit_phase23_no_lanes_append_only.json	ad83388d0e0042967d575bcf8bd985f69bd9f64b3ca0344685b18a550f2bb8fd	4	32768	61440	259200
page16_macro_gradient_phase0_phase23_qiskit_no_lanes__strong_weak_u8__nph3__ra_page16_macro_gradient_phase0_macro_phase123_qiskit_phase23_no_lanes_append_only	jobs/page16_macro_gradient_phase0_phase23_qiskit_no_lanes__strong_weak_u8__nph3__ra_page16_macro_gradient_phase0_macro_phase123_qiskit_phase23_no_lanes_append_only.json	bundle_materialization/ra_adapt_page16_insertion_comparators_weak50_strong30_20260812_v1/protocols/page16_macro_gradient_phase0_phase23_qiskit_no_lanes__strong_weak_u8__nph3__ra_page16_macro_gradient_phase0_macro_phase123_qiskit_phase23_no_lanes_append_only.json	6e068e75aa26f6523a9b1559b6fe023d1c9fdbc83beb6ea45eb2b68e3c4d89ea	4	32768	61440	259200
page16_macro_gradient_phase0_phase23_qiskit_no_lanes__weak_strong__nph7__ra_page16_macro_gradient_phase0_macro_phase123_qiskit_phase23_no_lanes_append_only	jobs/page16_macro_gradient_phase0_phase23_qiskit_no_lanes__weak_strong__nph7__ra_page16_macro_gradient_phase0_macro_phase123_qiskit_phase23_no_lanes_append_only.json	bundle_materialization/ra_adapt_page16_insertion_comparators_weak50_strong30_20260812_v1/protocols/page16_macro_gradient_phase0_phase23_qiskit_no_lanes__weak_strong__nph7__ra_page16_macro_gradient_phase0_macro_phase123_qiskit_phase23_no_lanes_append_only.json	33a556430029b994db78dc87dea7b186ea111d6c3ef97a22124157001e9540ef	4	49152	81920	259200
page16_macro_gradient_phase0_phase23_qiskit_no_lanes__intermediate_strong__nph7__ra_page16_macro_gradient_phase0_macro_phase123_qiskit_phase23_no_lanes_append_only	jobs/page16_macro_gradient_phase0_phase23_qiskit_no_lanes__intermediate_strong__nph7__ra_page16_macro_gradient_phase0_macro_phase123_qiskit_phase23_no_lanes_append_only.json	bundle_materialization/ra_adapt_page16_insertion_comparators_weak50_strong30_20260812_v1/protocols/page16_macro_gradient_phase0_phase23_qiskit_no_lanes__intermediate_strong__nph7__ra_page16_macro_gradient_phase0_macro_phase123_qiskit_phase23_no_lanes_append_only.json	7914bd2b19c2ffa789e3245e9e48ca97ad1a8390783bb70fdc3b910b4483da8d	4	49152	81920	259200
page16_macro_gradient_phase0_phase23_qiskit_no_lanes__strong_strong_u8__nph7__ra_page16_macro_gradient_phase0_macro_phase123_qiskit_phase23_no_lanes_append_only	jobs/page16_macro_gradient_phase0_phase23_qiskit_no_lanes__strong_strong_u8__nph7__ra_page16_macro_gradient_phase0_macro_phase123_qiskit_phase23_no_lanes_append_only.json	bundle_materialization/ra_adapt_page16_insertion_comparators_weak50_strong30_20260812_v1/protocols/page16_macro_gradient_phase0_phase23_qiskit_no_lanes__strong_strong_u8__nph7__ra_page16_macro_gradient_phase0_macro_phase123_qiskit_phase23_no_lanes_append_only.json	665fb9b7d9bdf18f8361b949dedd77635be9ec2e8da06bad48f670ce7fead194	4	49152	81920	259200
