hh_snake_nph1__fastweak__t10__exchange_tau0.002	--artifact-json chtc/paper_ii_shared_numerics_t10_20260823/input/seeds/hh_snake_nph1.json --output-json raw_outputs/paper_ii_shared_numerics_t10_20260823/hh_snake_nph1__fastweak__t10__exchange_tau0.002/run.json --t-final 10.0 --num-times 251 --integrator euler --ridge-lambda 1e-06 --solve-damping 0.0 --pinv-rcond 1e-10 --solve-repair --solve-repair-profile minimal --solve-repair-state-motion-l2-step-max 1.0e-2 --solve-repair-kink-eta-max 5.0e-3 --solve-repair-max-local-subdivisions 10 --max-structural-pool-size 128 --no-append-schur-condition-gate --max-joint-patch-evaluations 50000 --max-certification-attempts-per-level 12 --max-certification-attempts-per-deletion-branch 2 --max-insertion-batch-size 1 --insertion-gate-mode mclachlan_l2 --insertion-l2-cut 1.0e-3 --enable-drive --drive-A 0.6 --drive-omega 3.0 --prune-target-policy all_active --prune-ray-distance-tol 0.002 --progress-log-every 5
hh_snake_nph1__fastweak__t10__append_only	--artifact-json chtc/paper_ii_shared_numerics_t10_20260823/input/seeds/hh_snake_nph1.json --output-json raw_outputs/paper_ii_shared_numerics_t10_20260823/hh_snake_nph1__fastweak__t10__append_only/run.json --t-final 10.0 --num-times 251 --integrator euler --ridge-lambda 1e-06 --solve-damping 0.0 --pinv-rcond 1e-10 --solve-repair --solve-repair-profile minimal --solve-repair-state-motion-l2-step-max 1.0e-2 --solve-repair-kink-eta-max 5.0e-3 --solve-repair-max-local-subdivisions 10 --max-structural-pool-size 128 --no-append-schur-condition-gate --max-joint-patch-evaluations 50000 --max-certification-attempts-per-level 12 --max-certification-attempts-per-deletion-branch 2 --max-insertion-batch-size 1 --insertion-gate-mode mclachlan_l2 --insertion-l2-cut 1.0e-3 --enable-drive --drive-A 0.6 --drive-omega 3.0 --prune-target-policy appended_only --prune-cooldown-steps 1000000 --progress-log-every 5
hh_snake_nph1__fastweak__t10__avqds_cut0.001	--artifact-json chtc/paper_ii_shared_numerics_t10_20260823/input/seeds/hh_snake_nph1.json --output-json raw_outputs/paper_ii_shared_numerics_t10_20260823/hh_snake_nph1__fastweak__t10__avqds_cut0.001/run.json --t-final 10.0 --num-times 251 --integrator euler --ridge-lambda 1e-06 --solve-damping 0.0 --pinv-rcond 1e-10 --solve-repair --solve-repair-profile minimal --solve-repair-state-motion-l2-step-max 1.0e-2 --solve-repair-kink-eta-max 5.0e-3 --solve-repair-max-local-subdivisions 10 --max-structural-pool-size 128 --no-append-schur-condition-gate --max-joint-patch-evaluations 50000 --max-certification-attempts-per-level 12 --max-certification-attempts-per-deletion-branch 2 --max-insertion-batch-size 1 --enable-drive --drive-A 0.6 --drive-omega 3.0 --dynamics-policy avqds --avqds-l2-cut 0.001 --progress-log-every 5
hh_snake_nph1__slowstrong__t10__exchange_tau0.002	--artifact-json chtc/paper_ii_shared_numerics_t10_20260823/input/seeds/hh_snake_nph1.json --output-json raw_outputs/paper_ii_shared_numerics_t10_20260823/hh_snake_nph1__slowstrong__t10__exchange_tau0.002/run.json --t-final 10.0 --num-times 251 --integrator euler --ridge-lambda 1e-06 --solve-damping 0.0 --pinv-rcond 1e-10 --solve-repair --solve-repair-profile minimal --solve-repair-state-motion-l2-step-max 1.0e-2 --solve-repair-kink-eta-max 5.0e-3 --solve-repair-max-local-subdivisions 10 --max-structural-pool-size 128 --no-append-schur-condition-gate --max-joint-patch-evaluations 50000 --max-certification-attempts-per-level 12 --max-certification-attempts-per-deletion-branch 2 --max-insertion-batch-size 1 --insertion-gate-mode mclachlan_l2 --insertion-l2-cut 1.0e-3 --enable-drive --drive-A 1.2 --drive-omega 1.0 --prune-target-policy all_active --prune-ray-distance-tol 0.002 --progress-log-every 5
hh_snake_nph1__slowstrong__t10__append_only	--artifact-json chtc/paper_ii_shared_numerics_t10_20260823/input/seeds/hh_snake_nph1.json --output-json raw_outputs/paper_ii_shared_numerics_t10_20260823/hh_snake_nph1__slowstrong__t10__append_only/run.json --t-final 10.0 --num-times 251 --integrator euler --ridge-lambda 1e-06 --solve-damping 0.0 --pinv-rcond 1e-10 --solve-repair --solve-repair-profile minimal --solve-repair-state-motion-l2-step-max 1.0e-2 --solve-repair-kink-eta-max 5.0e-3 --solve-repair-max-local-subdivisions 10 --max-structural-pool-size 128 --no-append-schur-condition-gate --max-joint-patch-evaluations 50000 --max-certification-attempts-per-level 12 --max-certification-attempts-per-deletion-branch 2 --max-insertion-batch-size 1 --insertion-gate-mode mclachlan_l2 --insertion-l2-cut 1.0e-3 --enable-drive --drive-A 1.2 --drive-omega 1.0 --prune-target-policy appended_only --prune-cooldown-steps 1000000 --progress-log-every 5
hh_snake_nph1__slowstrong__t10__avqds_cut0.001	--artifact-json chtc/paper_ii_shared_numerics_t10_20260823/input/seeds/hh_snake_nph1.json --output-json raw_outputs/paper_ii_shared_numerics_t10_20260823/hh_snake_nph1__slowstrong__t10__avqds_cut0.001/run.json --t-final 10.0 --num-times 251 --integrator euler --ridge-lambda 1e-06 --solve-damping 0.0 --pinv-rcond 1e-10 --solve-repair --solve-repair-profile minimal --solve-repair-state-motion-l2-step-max 1.0e-2 --solve-repair-kink-eta-max 5.0e-3 --solve-repair-max-local-subdivisions 10 --max-structural-pool-size 128 --no-append-schur-condition-gate --max-joint-patch-evaluations 50000 --max-certification-attempts-per-level 12 --max-certification-attempts-per-deletion-branch 2 --max-insertion-batch-size 1 --enable-drive --drive-A 1.2 --drive-omega 1.0 --dynamics-policy avqds --avqds-l2-cut 0.001 --progress-log-every 5
hh_snake_nph1__weakslow__t10__exchange_tau0.002	--artifact-json chtc/paper_ii_shared_numerics_t10_20260823/input/seeds/hh_snake_nph1.json --output-json raw_outputs/paper_ii_shared_numerics_t10_20260823/hh_snake_nph1__weakslow__t10__exchange_tau0.002/run.json --t-final 10.0 --num-times 251 --integrator euler --ridge-lambda 1e-06 --solve-damping 0.0 --pinv-rcond 1e-10 --solve-repair --solve-repair-profile minimal --solve-repair-state-motion-l2-step-max 1.0e-2 --solve-repair-kink-eta-max 5.0e-3 --solve-repair-max-local-subdivisions 10 --max-structural-pool-size 128 --no-append-schur-condition-gate --max-joint-patch-evaluations 50000 --max-certification-attempts-per-level 12 --max-certification-attempts-per-deletion-branch 2 --max-insertion-batch-size 1 --insertion-gate-mode mclachlan_l2 --insertion-l2-cut 1.0e-3 --enable-drive --drive-A 0.3 --drive-omega 1.0 --prune-target-policy all_active --prune-ray-distance-tol 0.002 --progress-log-every 5
hh_snake_nph1__weakslow__t10__append_only	--artifact-json chtc/paper_ii_shared_numerics_t10_20260823/input/seeds/hh_snake_nph1.json --output-json raw_outputs/paper_ii_shared_numerics_t10_20260823/hh_snake_nph1__weakslow__t10__append_only/run.json --t-final 10.0 --num-times 251 --integrator euler --ridge-lambda 1e-06 --solve-damping 0.0 --pinv-rcond 1e-10 --solve-repair --solve-repair-profile minimal --solve-repair-state-motion-l2-step-max 1.0e-2 --solve-repair-kink-eta-max 5.0e-3 --solve-repair-max-local-subdivisions 10 --max-structural-pool-size 128 --no-append-schur-condition-gate --max-joint-patch-evaluations 50000 --max-certification-attempts-per-level 12 --max-certification-attempts-per-deletion-branch 2 --max-insertion-batch-size 1 --insertion-gate-mode mclachlan_l2 --insertion-l2-cut 1.0e-3 --enable-drive --drive-A 0.3 --drive-omega 1.0 --prune-target-policy appended_only --prune-cooldown-steps 1000000 --progress-log-every 5
hh_snake_nph1__weakslow__t10__avqds_cut0.001	--artifact-json chtc/paper_ii_shared_numerics_t10_20260823/input/seeds/hh_snake_nph1.json --output-json raw_outputs/paper_ii_shared_numerics_t10_20260823/hh_snake_nph1__weakslow__t10__avqds_cut0.001/run.json --t-final 10.0 --num-times 251 --integrator euler --ridge-lambda 1e-06 --solve-damping 0.0 --pinv-rcond 1e-10 --solve-repair --solve-repair-profile minimal --solve-repair-state-motion-l2-step-max 1.0e-2 --solve-repair-kink-eta-max 5.0e-3 --solve-repair-max-local-subdivisions 10 --max-structural-pool-size 128 --no-append-schur-condition-gate --max-joint-patch-evaluations 50000 --max-certification-attempts-per-level 12 --max-certification-attempts-per-deletion-branch 2 --max-insertion-batch-size 1 --enable-drive --drive-A 0.3 --drive-omega 1.0 --dynamics-policy avqds --avqds-l2-cut 0.001 --progress-log-every 5
hh_snake_nph1__strongfast__t10__exchange_tau0.002	--artifact-json chtc/paper_ii_shared_numerics_t10_20260823/input/seeds/hh_snake_nph1.json --output-json raw_outputs/paper_ii_shared_numerics_t10_20260823/hh_snake_nph1__strongfast__t10__exchange_tau0.002/run.json --t-final 10.0 --num-times 251 --integrator euler --ridge-lambda 1e-06 --solve-damping 0.0 --pinv-rcond 1e-10 --solve-repair --solve-repair-profile minimal --solve-repair-state-motion-l2-step-max 1.0e-2 --solve-repair-kink-eta-max 5.0e-3 --solve-repair-max-local-subdivisions 10 --max-structural-pool-size 128 --no-append-schur-condition-gate --max-joint-patch-evaluations 50000 --max-certification-attempts-per-level 12 --max-certification-attempts-per-deletion-branch 2 --max-insertion-batch-size 1 --insertion-gate-mode mclachlan_l2 --insertion-l2-cut 1.0e-3 --enable-drive --drive-A 2.4 --drive-omega 3.0 --prune-target-policy all_active --prune-ray-distance-tol 0.002 --progress-log-every 5
hh_snake_nph1__strongfast__t10__append_only	--artifact-json chtc/paper_ii_shared_numerics_t10_20260823/input/seeds/hh_snake_nph1.json --output-json raw_outputs/paper_ii_shared_numerics_t10_20260823/hh_snake_nph1__strongfast__t10__append_only/run.json --t-final 10.0 --num-times 251 --integrator euler --ridge-lambda 1e-06 --solve-damping 0.0 --pinv-rcond 1e-10 --solve-repair --solve-repair-profile minimal --solve-repair-state-motion-l2-step-max 1.0e-2 --solve-repair-kink-eta-max 5.0e-3 --solve-repair-max-local-subdivisions 10 --max-structural-pool-size 128 --no-append-schur-condition-gate --max-joint-patch-evaluations 50000 --max-certification-attempts-per-level 12 --max-certification-attempts-per-deletion-branch 2 --max-insertion-batch-size 1 --insertion-gate-mode mclachlan_l2 --insertion-l2-cut 1.0e-3 --enable-drive --drive-A 2.4 --drive-omega 3.0 --prune-target-policy appended_only --prune-cooldown-steps 1000000 --progress-log-every 5
hh_snake_nph1__strongfast__t10__avqds_cut0.001	--artifact-json chtc/paper_ii_shared_numerics_t10_20260823/input/seeds/hh_snake_nph1.json --output-json raw_outputs/paper_ii_shared_numerics_t10_20260823/hh_snake_nph1__strongfast__t10__avqds_cut0.001/run.json --t-final 10.0 --num-times 251 --integrator euler --ridge-lambda 1e-06 --solve-damping 0.0 --pinv-rcond 1e-10 --solve-repair --solve-repair-profile minimal --solve-repair-state-motion-l2-step-max 1.0e-2 --solve-repair-kink-eta-max 5.0e-3 --solve-repair-max-local-subdivisions 10 --max-structural-pool-size 128 --no-append-schur-condition-gate --max-joint-patch-evaluations 50000 --max-certification-attempts-per-level 12 --max-certification-attempts-per-deletion-branch 2 --max-insertion-batch-size 1 --enable-drive --drive-A 2.4 --drive-omega 3.0 --dynamics-policy avqds --avqds-l2-cut 0.001 --progress-log-every 5
hh_snake_nph1__midres__t10__exchange_tau0.002	--artifact-json chtc/paper_ii_shared_numerics_t10_20260823/input/seeds/hh_snake_nph1.json --output-json raw_outputs/paper_ii_shared_numerics_t10_20260823/hh_snake_nph1__midres__t10__exchange_tau0.002/run.json --t-final 10.0 --num-times 251 --integrator euler --ridge-lambda 1e-06 --solve-damping 0.0 --pinv-rcond 1e-10 --solve-repair --solve-repair-profile minimal --solve-repair-state-motion-l2-step-max 1.0e-2 --solve-repair-kink-eta-max 5.0e-3 --solve-repair-max-local-subdivisions 10 --max-structural-pool-size 128 --no-append-schur-condition-gate --max-joint-patch-evaluations 50000 --max-certification-attempts-per-level 12 --max-certification-attempts-per-deletion-branch 2 --max-insertion-batch-size 1 --insertion-gate-mode mclachlan_l2 --insertion-l2-cut 1.0e-3 --enable-drive --drive-A 1.2 --drive-omega 2.0 --prune-target-policy all_active --prune-ray-distance-tol 0.002 --progress-log-every 5
hh_snake_nph1__midres__t10__append_only	--artifact-json chtc/paper_ii_shared_numerics_t10_20260823/input/seeds/hh_snake_nph1.json --output-json raw_outputs/paper_ii_shared_numerics_t10_20260823/hh_snake_nph1__midres__t10__append_only/run.json --t-final 10.0 --num-times 251 --integrator euler --ridge-lambda 1e-06 --solve-damping 0.0 --pinv-rcond 1e-10 --solve-repair --solve-repair-profile minimal --solve-repair-state-motion-l2-step-max 1.0e-2 --solve-repair-kink-eta-max 5.0e-3 --solve-repair-max-local-subdivisions 10 --max-structural-pool-size 128 --no-append-schur-condition-gate --max-joint-patch-evaluations 50000 --max-certification-attempts-per-level 12 --max-certification-attempts-per-deletion-branch 2 --max-insertion-batch-size 1 --insertion-gate-mode mclachlan_l2 --insertion-l2-cut 1.0e-3 --enable-drive --drive-A 1.2 --drive-omega 2.0 --prune-target-policy appended_only --prune-cooldown-steps 1000000 --progress-log-every 5
hh_snake_nph1__midres__t10__avqds_cut0.001	--artifact-json chtc/paper_ii_shared_numerics_t10_20260823/input/seeds/hh_snake_nph1.json --output-json raw_outputs/paper_ii_shared_numerics_t10_20260823/hh_snake_nph1__midres__t10__avqds_cut0.001/run.json --t-final 10.0 --num-times 251 --integrator euler --ridge-lambda 1e-06 --solve-damping 0.0 --pinv-rcond 1e-10 --solve-repair --solve-repair-profile minimal --solve-repair-state-motion-l2-step-max 1.0e-2 --solve-repair-kink-eta-max 5.0e-3 --solve-repair-max-local-subdivisions 10 --max-structural-pool-size 128 --no-append-schur-condition-gate --max-joint-patch-evaluations 50000 --max-certification-attempts-per-level 12 --max-certification-attempts-per-deletion-branch 2 --max-insertion-batch-size 1 --enable-drive --drive-A 1.2 --drive-omega 2.0 --dynamics-policy avqds --avqds-l2-cut 0.001 --progress-log-every 5
hh_snake_nph1__fastfast__t10__exchange_tau0.002	--artifact-json chtc/paper_ii_shared_numerics_t10_20260823/input/seeds/hh_snake_nph1.json --output-json raw_outputs/paper_ii_shared_numerics_t10_20260823/hh_snake_nph1__fastfast__t10__exchange_tau0.002/run.json --t-final 10.0 --num-times 251 --integrator euler --ridge-lambda 1e-06 --solve-damping 0.0 --pinv-rcond 1e-10 --solve-repair --solve-repair-profile minimal --solve-repair-state-motion-l2-step-max 1.0e-2 --solve-repair-kink-eta-max 5.0e-3 --solve-repair-max-local-subdivisions 10 --max-structural-pool-size 128 --no-append-schur-condition-gate --max-joint-patch-evaluations 50000 --max-certification-attempts-per-level 12 --max-certification-attempts-per-deletion-branch 2 --max-insertion-batch-size 1 --insertion-gate-mode mclachlan_l2 --insertion-l2-cut 1.0e-3 --enable-drive --drive-A 0.6 --drive-omega 6.0 --prune-target-policy all_active --prune-ray-distance-tol 0.002 --progress-log-every 5
hh_snake_nph1__fastfast__t10__append_only	--artifact-json chtc/paper_ii_shared_numerics_t10_20260823/input/seeds/hh_snake_nph1.json --output-json raw_outputs/paper_ii_shared_numerics_t10_20260823/hh_snake_nph1__fastfast__t10__append_only/run.json --t-final 10.0 --num-times 251 --integrator euler --ridge-lambda 1e-06 --solve-damping 0.0 --pinv-rcond 1e-10 --solve-repair --solve-repair-profile minimal --solve-repair-state-motion-l2-step-max 1.0e-2 --solve-repair-kink-eta-max 5.0e-3 --solve-repair-max-local-subdivisions 10 --max-structural-pool-size 128 --no-append-schur-condition-gate --max-joint-patch-evaluations 50000 --max-certification-attempts-per-level 12 --max-certification-attempts-per-deletion-branch 2 --max-insertion-batch-size 1 --insertion-gate-mode mclachlan_l2 --insertion-l2-cut 1.0e-3 --enable-drive --drive-A 0.6 --drive-omega 6.0 --prune-target-policy appended_only --prune-cooldown-steps 1000000 --progress-log-every 5
hh_snake_nph1__fastfast__t10__avqds_cut0.001	--artifact-json chtc/paper_ii_shared_numerics_t10_20260823/input/seeds/hh_snake_nph1.json --output-json raw_outputs/paper_ii_shared_numerics_t10_20260823/hh_snake_nph1__fastfast__t10__avqds_cut0.001/run.json --t-final 10.0 --num-times 251 --integrator euler --ridge-lambda 1e-06 --solve-damping 0.0 --pinv-rcond 1e-10 --solve-repair --solve-repair-profile minimal --solve-repair-state-motion-l2-step-max 1.0e-2 --solve-repair-kink-eta-max 5.0e-3 --solve-repair-max-local-subdivisions 10 --max-structural-pool-size 128 --no-append-schur-condition-gate --max-joint-patch-evaluations 50000 --max-certification-attempts-per-level 12 --max-certification-attempts-per-deletion-branch 2 --max-insertion-batch-size 1 --enable-drive --drive-A 0.6 --drive-omega 6.0 --dynamics-policy avqds --avqds-l2-cut 0.001 --progress-log-every 5
