trial_000001__weak_weak	chtc/phase3_optuna/input/paper_i_hh_route_a_optuna_wave001_20260711_v2/cell_manifests/trial_000001__weak_weak.json	trial_000001/weak-weak	24576	40960
trial_000001__intermediate_weak	chtc/phase3_optuna/input/paper_i_hh_route_a_optuna_wave001_20260711_v2/cell_manifests/trial_000001__intermediate_weak.json	trial_000001/intermediate-weak	24576	40960
trial_000001__strong_weak_u8	chtc/phase3_optuna/input/paper_i_hh_route_a_optuna_wave001_20260711_v2/cell_manifests/trial_000001__strong_weak_u8.json	trial_000001/strong-weak-u8	32768	61440
trial_000001__weak_strong	chtc/phase3_optuna/input/paper_i_hh_route_a_optuna_wave001_20260711_v2/cell_manifests/trial_000001__weak_strong.json	trial_000001/weak-strong	32768	61440
trial_000001__intermediate_strong	chtc/phase3_optuna/input/paper_i_hh_route_a_optuna_wave001_20260711_v2/cell_manifests/trial_000001__intermediate_strong.json	trial_000001/intermediate-strong	32768	61440
trial_000001__strong_strong_u8	chtc/phase3_optuna/input/paper_i_hh_route_a_optuna_wave001_20260711_v2/cell_manifests/trial_000001__strong_strong_u8.json	trial_000001/strong-strong-u8	32768	61440
trial_000002__weak_weak	chtc/phase3_optuna/input/paper_i_hh_route_a_optuna_wave001_20260711_v2/cell_manifests/trial_000002__weak_weak.json	trial_000002/weak-weak	24576	40960
trial_000002__intermediate_weak	chtc/phase3_optuna/input/paper_i_hh_route_a_optuna_wave001_20260711_v2/cell_manifests/trial_000002__intermediate_weak.json	trial_000002/intermediate-weak	24576	40960
trial_000002__strong_weak_u8	chtc/phase3_optuna/input/paper_i_hh_route_a_optuna_wave001_20260711_v2/cell_manifests/trial_000002__strong_weak_u8.json	trial_000002/strong-weak-u8	32768	61440
trial_000002__weak_strong	chtc/phase3_optuna/input/paper_i_hh_route_a_optuna_wave001_20260711_v2/cell_manifests/trial_000002__weak_strong.json	trial_000002/weak-strong	32768	61440
trial_000002__intermediate_strong	chtc/phase3_optuna/input/paper_i_hh_route_a_optuna_wave001_20260711_v2/cell_manifests/trial_000002__intermediate_strong.json	trial_000002/intermediate-strong	32768	61440
trial_000002__strong_strong_u8	chtc/phase3_optuna/input/paper_i_hh_route_a_optuna_wave001_20260711_v2/cell_manifests/trial_000002__strong_strong_u8.json	trial_000002/strong-strong-u8	32768	61440
trial_000003__weak_weak	chtc/phase3_optuna/input/paper_i_hh_route_a_optuna_wave001_20260711_v2/cell_manifests/trial_000003__weak_weak.json	trial_000003/weak-weak	24576	40960
trial_000003__intermediate_weak	chtc/phase3_optuna/input/paper_i_hh_route_a_optuna_wave001_20260711_v2/cell_manifests/trial_000003__intermediate_weak.json	trial_000003/intermediate-weak	24576	40960
trial_000003__strong_weak_u8	chtc/phase3_optuna/input/paper_i_hh_route_a_optuna_wave001_20260711_v2/cell_manifests/trial_000003__strong_weak_u8.json	trial_000003/strong-weak-u8	32768	61440
trial_000003__weak_strong	chtc/phase3_optuna/input/paper_i_hh_route_a_optuna_wave001_20260711_v2/cell_manifests/trial_000003__weak_strong.json	trial_000003/weak-strong	32768	61440
trial_000003__intermediate_strong	chtc/phase3_optuna/input/paper_i_hh_route_a_optuna_wave001_20260711_v2/cell_manifests/trial_000003__intermediate_strong.json	trial_000003/intermediate-strong	32768	61440
trial_000003__strong_strong_u8	chtc/phase3_optuna/input/paper_i_hh_route_a_optuna_wave001_20260711_v2/cell_manifests/trial_000003__strong_strong_u8.json	trial_000003/strong-strong-u8	32768	61440
trial_000004__weak_weak	chtc/phase3_optuna/input/paper_i_hh_route_a_optuna_wave001_20260711_v2/cell_manifests/trial_000004__weak_weak.json	trial_000004/weak-weak	24576	40960
trial_000004__intermediate_weak	chtc/phase3_optuna/input/paper_i_hh_route_a_optuna_wave001_20260711_v2/cell_manifests/trial_000004__intermediate_weak.json	trial_000004/intermediate-weak	24576	40960
trial_000004__strong_weak_u8	chtc/phase3_optuna/input/paper_i_hh_route_a_optuna_wave001_20260711_v2/cell_manifests/trial_000004__strong_weak_u8.json	trial_000004/strong-weak-u8	32768	61440
trial_000004__weak_strong	chtc/phase3_optuna/input/paper_i_hh_route_a_optuna_wave001_20260711_v2/cell_manifests/trial_000004__weak_strong.json	trial_000004/weak-strong	32768	61440
trial_000004__intermediate_strong	chtc/phase3_optuna/input/paper_i_hh_route_a_optuna_wave001_20260711_v2/cell_manifests/trial_000004__intermediate_strong.json	trial_000004/intermediate-strong	32768	61440
trial_000004__strong_strong_u8	chtc/phase3_optuna/input/paper_i_hh_route_a_optuna_wave001_20260711_v2/cell_manifests/trial_000004__strong_strong_u8.json	trial_000004/strong-strong-u8	32768	61440
trial_000005__weak_weak	chtc/phase3_optuna/input/paper_i_hh_route_a_optuna_wave001_20260711_v2/cell_manifests/trial_000005__weak_weak.json	trial_000005/weak-weak	24576	40960
trial_000005__intermediate_weak	chtc/phase3_optuna/input/paper_i_hh_route_a_optuna_wave001_20260711_v2/cell_manifests/trial_000005__intermediate_weak.json	trial_000005/intermediate-weak	24576	40960
trial_000005__strong_weak_u8	chtc/phase3_optuna/input/paper_i_hh_route_a_optuna_wave001_20260711_v2/cell_manifests/trial_000005__strong_weak_u8.json	trial_000005/strong-weak-u8	32768	61440
trial_000005__weak_strong	chtc/phase3_optuna/input/paper_i_hh_route_a_optuna_wave001_20260711_v2/cell_manifests/trial_000005__weak_strong.json	trial_000005/weak-strong	32768	61440
trial_000005__intermediate_strong	chtc/phase3_optuna/input/paper_i_hh_route_a_optuna_wave001_20260711_v2/cell_manifests/trial_000005__intermediate_strong.json	trial_000005/intermediate-strong	32768	61440
trial_000005__strong_strong_u8	chtc/phase3_optuna/input/paper_i_hh_route_a_optuna_wave001_20260711_v2/cell_manifests/trial_000005__strong_strong_u8.json	trial_000005/strong-strong-u8	32768	61440
trial_000006__weak_weak	chtc/phase3_optuna/input/paper_i_hh_route_a_optuna_wave001_20260711_v2/cell_manifests/trial_000006__weak_weak.json	trial_000006/weak-weak	24576	40960
trial_000006__intermediate_weak	chtc/phase3_optuna/input/paper_i_hh_route_a_optuna_wave001_20260711_v2/cell_manifests/trial_000006__intermediate_weak.json	trial_000006/intermediate-weak	24576	40960
trial_000006__strong_weak_u8	chtc/phase3_optuna/input/paper_i_hh_route_a_optuna_wave001_20260711_v2/cell_manifests/trial_000006__strong_weak_u8.json	trial_000006/strong-weak-u8	32768	61440
trial_000006__weak_strong	chtc/phase3_optuna/input/paper_i_hh_route_a_optuna_wave001_20260711_v2/cell_manifests/trial_000006__weak_strong.json	trial_000006/weak-strong	32768	61440
trial_000006__intermediate_strong	chtc/phase3_optuna/input/paper_i_hh_route_a_optuna_wave001_20260711_v2/cell_manifests/trial_000006__intermediate_strong.json	trial_000006/intermediate-strong	32768	61440
trial_000006__strong_strong_u8	chtc/phase3_optuna/input/paper_i_hh_route_a_optuna_wave001_20260711_v2/cell_manifests/trial_000006__strong_strong_u8.json	trial_000006/strong-strong-u8	32768	61440
trial_000008__weak_weak	chtc/phase3_optuna/input/paper_i_hh_route_a_optuna_wave001_20260711_v2/cell_manifests/trial_000008__weak_weak.json	trial_000008/weak-weak	24576	40960
trial_000008__intermediate_weak	chtc/phase3_optuna/input/paper_i_hh_route_a_optuna_wave001_20260711_v2/cell_manifests/trial_000008__intermediate_weak.json	trial_000008/intermediate-weak	24576	40960
trial_000008__strong_weak_u8	chtc/phase3_optuna/input/paper_i_hh_route_a_optuna_wave001_20260711_v2/cell_manifests/trial_000008__strong_weak_u8.json	trial_000008/strong-weak-u8	32768	61440
trial_000008__weak_strong	chtc/phase3_optuna/input/paper_i_hh_route_a_optuna_wave001_20260711_v2/cell_manifests/trial_000008__weak_strong.json	trial_000008/weak-strong	32768	61440
trial_000008__intermediate_strong	chtc/phase3_optuna/input/paper_i_hh_route_a_optuna_wave001_20260711_v2/cell_manifests/trial_000008__intermediate_strong.json	trial_000008/intermediate-strong	32768	61440
trial_000008__strong_strong_u8	chtc/phase3_optuna/input/paper_i_hh_route_a_optuna_wave001_20260711_v2/cell_manifests/trial_000008__strong_strong_u8.json	trial_000008/strong-strong-u8	32768	61440
trial_000009__weak_weak	chtc/phase3_optuna/input/paper_i_hh_route_a_optuna_wave001_20260711_v2/cell_manifests/trial_000009__weak_weak.json	trial_000009/weak-weak	24576	40960
trial_000009__intermediate_weak	chtc/phase3_optuna/input/paper_i_hh_route_a_optuna_wave001_20260711_v2/cell_manifests/trial_000009__intermediate_weak.json	trial_000009/intermediate-weak	24576	40960
trial_000009__strong_weak_u8	chtc/phase3_optuna/input/paper_i_hh_route_a_optuna_wave001_20260711_v2/cell_manifests/trial_000009__strong_weak_u8.json	trial_000009/strong-weak-u8	32768	61440
trial_000009__weak_strong	chtc/phase3_optuna/input/paper_i_hh_route_a_optuna_wave001_20260711_v2/cell_manifests/trial_000009__weak_strong.json	trial_000009/weak-strong	32768	61440
trial_000009__intermediate_strong	chtc/phase3_optuna/input/paper_i_hh_route_a_optuna_wave001_20260711_v2/cell_manifests/trial_000009__intermediate_strong.json	trial_000009/intermediate-strong	32768	61440
trial_000009__strong_strong_u8	chtc/phase3_optuna/input/paper_i_hh_route_a_optuna_wave001_20260711_v2/cell_manifests/trial_000009__strong_strong_u8.json	trial_000009/strong-strong-u8	32768	61440
trial_000010__weak_weak	chtc/phase3_optuna/input/paper_i_hh_route_a_optuna_wave001_20260711_v2/cell_manifests/trial_000010__weak_weak.json	trial_000010/weak-weak	24576	40960
trial_000010__intermediate_weak	chtc/phase3_optuna/input/paper_i_hh_route_a_optuna_wave001_20260711_v2/cell_manifests/trial_000010__intermediate_weak.json	trial_000010/intermediate-weak	24576	40960
trial_000010__strong_weak_u8	chtc/phase3_optuna/input/paper_i_hh_route_a_optuna_wave001_20260711_v2/cell_manifests/trial_000010__strong_weak_u8.json	trial_000010/strong-weak-u8	32768	61440
trial_000010__weak_strong	chtc/phase3_optuna/input/paper_i_hh_route_a_optuna_wave001_20260711_v2/cell_manifests/trial_000010__weak_strong.json	trial_000010/weak-strong	32768	61440
trial_000010__intermediate_strong	chtc/phase3_optuna/input/paper_i_hh_route_a_optuna_wave001_20260711_v2/cell_manifests/trial_000010__intermediate_strong.json	trial_000010/intermediate-strong	32768	61440
trial_000010__strong_strong_u8	chtc/phase3_optuna/input/paper_i_hh_route_a_optuna_wave001_20260711_v2/cell_manifests/trial_000010__strong_strong_u8.json	trial_000010/strong-strong-u8	32768	61440
trial_000011__weak_weak	chtc/phase3_optuna/input/paper_i_hh_route_a_optuna_wave001_20260711_v2/cell_manifests/trial_000011__weak_weak.json	trial_000011/weak-weak	24576	40960
trial_000011__intermediate_weak	chtc/phase3_optuna/input/paper_i_hh_route_a_optuna_wave001_20260711_v2/cell_manifests/trial_000011__intermediate_weak.json	trial_000011/intermediate-weak	24576	40960
trial_000011__strong_weak_u8	chtc/phase3_optuna/input/paper_i_hh_route_a_optuna_wave001_20260711_v2/cell_manifests/trial_000011__strong_weak_u8.json	trial_000011/strong-weak-u8	32768	61440
trial_000011__weak_strong	chtc/phase3_optuna/input/paper_i_hh_route_a_optuna_wave001_20260711_v2/cell_manifests/trial_000011__weak_strong.json	trial_000011/weak-strong	32768	61440
trial_000011__intermediate_strong	chtc/phase3_optuna/input/paper_i_hh_route_a_optuna_wave001_20260711_v2/cell_manifests/trial_000011__intermediate_strong.json	trial_000011/intermediate-strong	32768	61440
trial_000011__strong_strong_u8	chtc/phase3_optuna/input/paper_i_hh_route_a_optuna_wave001_20260711_v2/cell_manifests/trial_000011__strong_strong_u8.json	trial_000011/strong-strong-u8	32768	61440
trial_000012__weak_weak	chtc/phase3_optuna/input/paper_i_hh_route_a_optuna_wave001_20260711_v2/cell_manifests/trial_000012__weak_weak.json	trial_000012/weak-weak	24576	40960
trial_000012__intermediate_weak	chtc/phase3_optuna/input/paper_i_hh_route_a_optuna_wave001_20260711_v2/cell_manifests/trial_000012__intermediate_weak.json	trial_000012/intermediate-weak	24576	40960
trial_000012__strong_weak_u8	chtc/phase3_optuna/input/paper_i_hh_route_a_optuna_wave001_20260711_v2/cell_manifests/trial_000012__strong_weak_u8.json	trial_000012/strong-weak-u8	32768	61440
trial_000012__weak_strong	chtc/phase3_optuna/input/paper_i_hh_route_a_optuna_wave001_20260711_v2/cell_manifests/trial_000012__weak_strong.json	trial_000012/weak-strong	32768	61440
trial_000012__intermediate_strong	chtc/phase3_optuna/input/paper_i_hh_route_a_optuna_wave001_20260711_v2/cell_manifests/trial_000012__intermediate_strong.json	trial_000012/intermediate-strong	32768	61440
trial_000012__strong_strong_u8	chtc/phase3_optuna/input/paper_i_hh_route_a_optuna_wave001_20260711_v2/cell_manifests/trial_000012__strong_strong_u8.json	trial_000012/strong-strong-u8	32768	61440
trial_000013__weak_weak	chtc/phase3_optuna/input/paper_i_hh_route_a_optuna_wave001_20260711_v2/cell_manifests/trial_000013__weak_weak.json	trial_000013/weak-weak	24576	40960
trial_000013__intermediate_weak	chtc/phase3_optuna/input/paper_i_hh_route_a_optuna_wave001_20260711_v2/cell_manifests/trial_000013__intermediate_weak.json	trial_000013/intermediate-weak	24576	40960
trial_000013__strong_weak_u8	chtc/phase3_optuna/input/paper_i_hh_route_a_optuna_wave001_20260711_v2/cell_manifests/trial_000013__strong_weak_u8.json	trial_000013/strong-weak-u8	32768	61440
trial_000013__weak_strong	chtc/phase3_optuna/input/paper_i_hh_route_a_optuna_wave001_20260711_v2/cell_manifests/trial_000013__weak_strong.json	trial_000013/weak-strong	32768	61440
trial_000013__intermediate_strong	chtc/phase3_optuna/input/paper_i_hh_route_a_optuna_wave001_20260711_v2/cell_manifests/trial_000013__intermediate_strong.json	trial_000013/intermediate-strong	32768	61440
trial_000013__strong_strong_u8	chtc/phase3_optuna/input/paper_i_hh_route_a_optuna_wave001_20260711_v2/cell_manifests/trial_000013__strong_strong_u8.json	trial_000013/strong-strong-u8	32768	61440
trial_000014__weak_weak	chtc/phase3_optuna/input/paper_i_hh_route_a_optuna_wave001_20260711_v2/cell_manifests/trial_000014__weak_weak.json	trial_000014/weak-weak	24576	40960
trial_000014__intermediate_weak	chtc/phase3_optuna/input/paper_i_hh_route_a_optuna_wave001_20260711_v2/cell_manifests/trial_000014__intermediate_weak.json	trial_000014/intermediate-weak	24576	40960
trial_000014__strong_weak_u8	chtc/phase3_optuna/input/paper_i_hh_route_a_optuna_wave001_20260711_v2/cell_manifests/trial_000014__strong_weak_u8.json	trial_000014/strong-weak-u8	32768	61440
trial_000014__weak_strong	chtc/phase3_optuna/input/paper_i_hh_route_a_optuna_wave001_20260711_v2/cell_manifests/trial_000014__weak_strong.json	trial_000014/weak-strong	32768	61440
trial_000014__intermediate_strong	chtc/phase3_optuna/input/paper_i_hh_route_a_optuna_wave001_20260711_v2/cell_manifests/trial_000014__intermediate_strong.json	trial_000014/intermediate-strong	32768	61440
trial_000014__strong_strong_u8	chtc/phase3_optuna/input/paper_i_hh_route_a_optuna_wave001_20260711_v2/cell_manifests/trial_000014__strong_strong_u8.json	trial_000014/strong-strong-u8	32768	61440
trial_000015__weak_weak	chtc/phase3_optuna/input/paper_i_hh_route_a_optuna_wave001_20260711_v2/cell_manifests/trial_000015__weak_weak.json	trial_000015/weak-weak	24576	40960
trial_000015__intermediate_weak	chtc/phase3_optuna/input/paper_i_hh_route_a_optuna_wave001_20260711_v2/cell_manifests/trial_000015__intermediate_weak.json	trial_000015/intermediate-weak	24576	40960
trial_000015__strong_weak_u8	chtc/phase3_optuna/input/paper_i_hh_route_a_optuna_wave001_20260711_v2/cell_manifests/trial_000015__strong_weak_u8.json	trial_000015/strong-weak-u8	32768	61440
trial_000015__weak_strong	chtc/phase3_optuna/input/paper_i_hh_route_a_optuna_wave001_20260711_v2/cell_manifests/trial_000015__weak_strong.json	trial_000015/weak-strong	32768	61440
trial_000015__intermediate_strong	chtc/phase3_optuna/input/paper_i_hh_route_a_optuna_wave001_20260711_v2/cell_manifests/trial_000015__intermediate_strong.json	trial_000015/intermediate-strong	32768	61440
trial_000015__strong_strong_u8	chtc/phase3_optuna/input/paper_i_hh_route_a_optuna_wave001_20260711_v2/cell_manifests/trial_000015__strong_strong_u8.json	trial_000015/strong-strong-u8	32768	61440
trial_000016__weak_weak	chtc/phase3_optuna/input/paper_i_hh_route_a_optuna_wave001_20260711_v2/cell_manifests/trial_000016__weak_weak.json	trial_000016/weak-weak	24576	40960
trial_000016__intermediate_weak	chtc/phase3_optuna/input/paper_i_hh_route_a_optuna_wave001_20260711_v2/cell_manifests/trial_000016__intermediate_weak.json	trial_000016/intermediate-weak	24576	40960
trial_000016__strong_weak_u8	chtc/phase3_optuna/input/paper_i_hh_route_a_optuna_wave001_20260711_v2/cell_manifests/trial_000016__strong_weak_u8.json	trial_000016/strong-weak-u8	32768	61440
trial_000016__weak_strong	chtc/phase3_optuna/input/paper_i_hh_route_a_optuna_wave001_20260711_v2/cell_manifests/trial_000016__weak_strong.json	trial_000016/weak-strong	32768	61440
trial_000016__intermediate_strong	chtc/phase3_optuna/input/paper_i_hh_route_a_optuna_wave001_20260711_v2/cell_manifests/trial_000016__intermediate_strong.json	trial_000016/intermediate-strong	32768	61440
trial_000016__strong_strong_u8	chtc/phase3_optuna/input/paper_i_hh_route_a_optuna_wave001_20260711_v2/cell_manifests/trial_000016__strong_strong_u8.json	trial_000016/strong-strong-u8	32768	61440
trial_000017__weak_weak	chtc/phase3_optuna/input/paper_i_hh_route_a_optuna_wave001_20260711_v2/cell_manifests/trial_000017__weak_weak.json	trial_000017/weak-weak	24576	40960
trial_000017__intermediate_weak	chtc/phase3_optuna/input/paper_i_hh_route_a_optuna_wave001_20260711_v2/cell_manifests/trial_000017__intermediate_weak.json	trial_000017/intermediate-weak	24576	40960
trial_000017__strong_weak_u8	chtc/phase3_optuna/input/paper_i_hh_route_a_optuna_wave001_20260711_v2/cell_manifests/trial_000017__strong_weak_u8.json	trial_000017/strong-weak-u8	32768	61440
trial_000017__weak_strong	chtc/phase3_optuna/input/paper_i_hh_route_a_optuna_wave001_20260711_v2/cell_manifests/trial_000017__weak_strong.json	trial_000017/weak-strong	32768	61440
trial_000017__intermediate_strong	chtc/phase3_optuna/input/paper_i_hh_route_a_optuna_wave001_20260711_v2/cell_manifests/trial_000017__intermediate_strong.json	trial_000017/intermediate-strong	32768	61440
trial_000017__strong_strong_u8	chtc/phase3_optuna/input/paper_i_hh_route_a_optuna_wave001_20260711_v2/cell_manifests/trial_000017__strong_strong_u8.json	trial_000017/strong-strong-u8	32768	61440
