global_singleton_gradient_phase0_phase23_qiskit_no_lanes__weak_weak__nph3__ra_global_singleton_gradient_phase0_phase123_qiskit_phase23_always_commutation_reduced	jobs/global_singleton_gradient_phase0_phase23_qiskit_no_lanes__weak_weak__nph3__ra_global_singleton_gradient_phase0_phase123_qiskit_phase23_always_commutation_reduced.json	bundle_materialization/ra_adapt_page12_insertion_comparators_r50_20260812_v1/protocols/global_singleton_gradient_phase0_phase23_qiskit_no_lanes__weak_weak__nph3__ra_global_singleton_gradient_phase0_phase123_qiskit_phase23_always_commutation_reduced.json	67a8283402fcf6aa7a848ad62b1571a12650c47516498bcf744162075084375e	4	49152	61440	259200
global_singleton_gradient_phase0_phase23_qiskit_no_lanes__intermediate_weak__nph3__ra_global_singleton_gradient_phase0_phase123_qiskit_phase23_always_commutation_reduced	jobs/global_singleton_gradient_phase0_phase23_qiskit_no_lanes__intermediate_weak__nph3__ra_global_singleton_gradient_phase0_phase123_qiskit_phase23_always_commutation_reduced.json	bundle_materialization/ra_adapt_page12_insertion_comparators_r50_20260812_v1/protocols/global_singleton_gradient_phase0_phase23_qiskit_no_lanes__intermediate_weak__nph3__ra_global_singleton_gradient_phase0_phase123_qiskit_phase23_always_commutation_reduced.json	ebb259586783adc65085eba21a09f16c626dfe156bf658cae4cb1b11b048e847	4	49152	61440	259200
global_singleton_gradient_phase0_phase23_qiskit_no_lanes__strong_weak_u8__nph3__ra_global_singleton_gradient_phase0_phase123_qiskit_phase23_always_commutation_reduced	jobs/global_singleton_gradient_phase0_phase23_qiskit_no_lanes__strong_weak_u8__nph3__ra_global_singleton_gradient_phase0_phase123_qiskit_phase23_always_commutation_reduced.json	bundle_materialization/ra_adapt_page12_insertion_comparators_r50_20260812_v1/protocols/global_singleton_gradient_phase0_phase23_qiskit_no_lanes__strong_weak_u8__nph3__ra_global_singleton_gradient_phase0_phase123_qiskit_phase23_always_commutation_reduced.json	7bdf14b7c4f4691d6693baa131ba81e0ab0275cac918445105049621e2dfb014	4	49152	61440	259200
global_singleton_gradient_phase0_phase23_qiskit_no_lanes__weak_strong__nph7__ra_global_singleton_gradient_phase0_phase123_qiskit_phase23_always_commutation_reduced	jobs/global_singleton_gradient_phase0_phase23_qiskit_no_lanes__weak_strong__nph7__ra_global_singleton_gradient_phase0_phase123_qiskit_phase23_always_commutation_reduced.json	bundle_materialization/ra_adapt_page12_insertion_comparators_r50_20260812_v1/protocols/global_singleton_gradient_phase0_phase23_qiskit_no_lanes__weak_strong__nph7__ra_global_singleton_gradient_phase0_phase123_qiskit_phase23_always_commutation_reduced.json	fb5e67f06f771d576c2f651bdd67710e0f204458161cd050fe5ef571d86ec8ae	4	262144	102400	259200
global_singleton_gradient_phase0_phase23_qiskit_no_lanes__intermediate_strong__nph7__ra_global_singleton_gradient_phase0_phase123_qiskit_phase23_always_commutation_reduced	jobs/global_singleton_gradient_phase0_phase23_qiskit_no_lanes__intermediate_strong__nph7__ra_global_singleton_gradient_phase0_phase123_qiskit_phase23_always_commutation_reduced.json	bundle_materialization/ra_adapt_page12_insertion_comparators_r50_20260812_v1/protocols/global_singleton_gradient_phase0_phase23_qiskit_no_lanes__intermediate_strong__nph7__ra_global_singleton_gradient_phase0_phase123_qiskit_phase23_always_commutation_reduced.json	1532f7a22f66033c4fdd8b9f4b106114cb260ff6728c208cea4591bbdc92ee13	4	262144	102400	259200
global_singleton_gradient_phase0_phase23_qiskit_no_lanes__strong_strong_u8__nph7__ra_global_singleton_gradient_phase0_phase123_qiskit_phase23_always_commutation_reduced	jobs/global_singleton_gradient_phase0_phase23_qiskit_no_lanes__strong_strong_u8__nph7__ra_global_singleton_gradient_phase0_phase123_qiskit_phase23_always_commutation_reduced.json	bundle_materialization/ra_adapt_page12_insertion_comparators_r50_20260812_v1/protocols/global_singleton_gradient_phase0_phase23_qiskit_no_lanes__strong_strong_u8__nph7__ra_global_singleton_gradient_phase0_phase123_qiskit_phase23_always_commutation_reduced.json	efa23167913ea4c1de14201b648c7a5379832c54653a0b245ae5ff572791137a	4	262144	102400	259200
global_singleton_gradient_phase0_phase23_qiskit_no_lanes__weak_weak__nph3__ra_global_singleton_gradient_phase0_phase123_qiskit_phase23_append_only	jobs/global_singleton_gradient_phase0_phase23_qiskit_no_lanes__weak_weak__nph3__ra_global_singleton_gradient_phase0_phase123_qiskit_phase23_append_only.json	bundle_materialization/ra_adapt_page12_insertion_comparators_r50_20260812_v1/protocols/global_singleton_gradient_phase0_phase23_qiskit_no_lanes__weak_weak__nph3__ra_global_singleton_gradient_phase0_phase123_qiskit_phase23_append_only.json	9d96cda4685e580d8c7bddccc6d4bd51cc89c44a3e511ed1e125232b1d7e6c2d	4	49152	61440	259200
global_singleton_gradient_phase0_phase23_qiskit_no_lanes__intermediate_weak__nph3__ra_global_singleton_gradient_phase0_phase123_qiskit_phase23_append_only	jobs/global_singleton_gradient_phase0_phase23_qiskit_no_lanes__intermediate_weak__nph3__ra_global_singleton_gradient_phase0_phase123_qiskit_phase23_append_only.json	bundle_materialization/ra_adapt_page12_insertion_comparators_r50_20260812_v1/protocols/global_singleton_gradient_phase0_phase23_qiskit_no_lanes__intermediate_weak__nph3__ra_global_singleton_gradient_phase0_phase123_qiskit_phase23_append_only.json	4e7ba8249ecf12dc4599e724d438cc83f1c1f798bcb83d74708ee589708bdf0a	4	49152	61440	259200
global_singleton_gradient_phase0_phase23_qiskit_no_lanes__strong_weak_u8__nph3__ra_global_singleton_gradient_phase0_phase123_qiskit_phase23_append_only	jobs/global_singleton_gradient_phase0_phase23_qiskit_no_lanes__strong_weak_u8__nph3__ra_global_singleton_gradient_phase0_phase123_qiskit_phase23_append_only.json	bundle_materialization/ra_adapt_page12_insertion_comparators_r50_20260812_v1/protocols/global_singleton_gradient_phase0_phase23_qiskit_no_lanes__strong_weak_u8__nph3__ra_global_singleton_gradient_phase0_phase123_qiskit_phase23_append_only.json	4d531d9514c6055b83d0008d845a9f8880c0c2d056fb8b95ca841504f73c9014	4	49152	61440	259200
global_singleton_gradient_phase0_phase23_qiskit_no_lanes__weak_strong__nph7__ra_global_singleton_gradient_phase0_phase123_qiskit_phase23_append_only	jobs/global_singleton_gradient_phase0_phase23_qiskit_no_lanes__weak_strong__nph7__ra_global_singleton_gradient_phase0_phase123_qiskit_phase23_append_only.json	bundle_materialization/ra_adapt_page12_insertion_comparators_r50_20260812_v1/protocols/global_singleton_gradient_phase0_phase23_qiskit_no_lanes__weak_strong__nph7__ra_global_singleton_gradient_phase0_phase123_qiskit_phase23_append_only.json	4a0a49b3f91fd02af780e97a4f4694633798c278a1a7c43d6cfa297e71ed4c72	4	262144	102400	259200
global_singleton_gradient_phase0_phase23_qiskit_no_lanes__intermediate_strong__nph7__ra_global_singleton_gradient_phase0_phase123_qiskit_phase23_append_only	jobs/global_singleton_gradient_phase0_phase23_qiskit_no_lanes__intermediate_strong__nph7__ra_global_singleton_gradient_phase0_phase123_qiskit_phase23_append_only.json	bundle_materialization/ra_adapt_page12_insertion_comparators_r50_20260812_v1/protocols/global_singleton_gradient_phase0_phase23_qiskit_no_lanes__intermediate_strong__nph7__ra_global_singleton_gradient_phase0_phase123_qiskit_phase23_append_only.json	704eadfc461b6a3e6cdf147dedb393c0c1c51126bc270a4ecfebb59c21e5574f	4	262144	102400	259200
global_singleton_gradient_phase0_phase23_qiskit_no_lanes__strong_strong_u8__nph7__ra_global_singleton_gradient_phase0_phase123_qiskit_phase23_append_only	jobs/global_singleton_gradient_phase0_phase23_qiskit_no_lanes__strong_strong_u8__nph7__ra_global_singleton_gradient_phase0_phase123_qiskit_phase23_append_only.json	bundle_materialization/ra_adapt_page12_insertion_comparators_r50_20260812_v1/protocols/global_singleton_gradient_phase0_phase23_qiskit_no_lanes__strong_strong_u8__nph7__ra_global_singleton_gradient_phase0_phase123_qiskit_phase23_append_only.json	d8744ea74a0007a12301259896f055820f005a26864fcfe287cb0b6491f53772	4	262144	102400	259200
