core__intermediate_weak__nph3__ra_macro_always__gradient_stationary__phase1_cost_off	chtc/paper_i_ra_adapt_repair_20260727/ra_always_factorial48_r50_20260730_v2_chtc/jobs/core__intermediate_weak__nph3__ra_macro_always__gradient_stationary__phase1_cost_off.json	e9e34a7370b8bd56a56f8b6117d0c3dc65935a6473c0db5571e15c2aef48f506	chtc/paper_i_ra_adapt_repair_20260727/ra_always_factorial48_r50_20260730_v2_chtc_activation/authorizations/core__intermediate_weak__nph3__ra_macro_always__gradient_stationary__phase1_cost_off.json	2d0f098820acfa1f20750d24771e81b01da700fc7e9ce7bf96554c71c5172214	4	49152	61440	259200
core__strong_weak_u8__nph3__ra_macro_always__gradient_stationary__phase1_cost_off	chtc/paper_i_ra_adapt_repair_20260727/ra_always_factorial48_r50_20260730_v2_chtc/jobs/core__strong_weak_u8__nph3__ra_macro_always__gradient_stationary__phase1_cost_off.json	ae9c55f1583ec3e691ff211f8173d2461706a06c867d1f7f8fc359428f51b37a	chtc/paper_i_ra_adapt_repair_20260727/ra_always_factorial48_r50_20260730_v2_chtc_activation/authorizations/core__strong_weak_u8__nph3__ra_macro_always__gradient_stationary__phase1_cost_off.json	a906d1350f225442f4d887d76e61ec46e5d207d02efe2c04205a0f04608e049d	4	49152	61440	259200
core__strong_weak_u8__nph3__ra_singleton_always__gradient_stationary__phase1_cost_off	chtc/paper_i_ra_adapt_repair_20260727/ra_always_factorial48_r50_20260730_v2_chtc/jobs/core__strong_weak_u8__nph3__ra_singleton_always__gradient_stationary__phase1_cost_off.json	2113fce67ef7b205c6ae99669d3261c870ccd0ce9d6b88523a609edb1a6ba1fc	chtc/paper_i_ra_adapt_repair_20260727/ra_always_factorial48_r50_20260730_v2_chtc_activation/authorizations/core__strong_weak_u8__nph3__ra_singleton_always__gradient_stationary__phase1_cost_off.json	fea60b91a26301a3f35581ae764e8912250341f350b98331be5384d0e74d8e83	4	57344	61440	259200
core__weak_strong__nph7__ra_macro_always__gradient_stationary__phase1_cost_off	chtc/paper_i_ra_adapt_repair_20260727/ra_always_factorial48_r50_20260730_v2_chtc/jobs/core__weak_strong__nph7__ra_macro_always__gradient_stationary__phase1_cost_off.json	83ab834b0d1c51f7223923653880d2cebc2ee0ed6558507fc44b8e8b968c7045	chtc/paper_i_ra_adapt_repair_20260727/ra_always_factorial48_r50_20260730_v2_chtc_activation/authorizations/core__weak_strong__nph7__ra_macro_always__gradient_stationary__phase1_cost_off.json	b085352d8ee659f850bc1872d6315da93fe8b69e29ba5efed03569c17b668299	4	65536	81920	259200
core__weak_strong__nph7__ra_singleton_always__gradient_stationary__phase1_cost_off	chtc/paper_i_ra_adapt_repair_20260727/ra_always_factorial48_r50_20260730_v2_chtc/jobs/core__weak_strong__nph7__ra_singleton_always__gradient_stationary__phase1_cost_off.json	c149d3209849aee24556f7ac5ddc72e8c90fce5b437f62ad75a424aec479e929	chtc/paper_i_ra_adapt_repair_20260727/ra_always_factorial48_r50_20260730_v2_chtc_activation/authorizations/core__weak_strong__nph7__ra_singleton_always__gradient_stationary__phase1_cost_off.json	f0d399a53cf2c5ce381d2ea680f219e30bc9107a4b3dd9c84b452c50073febb3	4	90112	98304	259200
core__intermediate_strong__nph7__ra_macro_always__gradient_stationary__phase1_cost_off	chtc/paper_i_ra_adapt_repair_20260727/ra_always_factorial48_r50_20260730_v2_chtc/jobs/core__intermediate_strong__nph7__ra_macro_always__gradient_stationary__phase1_cost_off.json	a08174d7e3cd9fa385b2e33af6273c20efdfeaa0bf40588ec2c8277011a86321	chtc/paper_i_ra_adapt_repair_20260727/ra_always_factorial48_r50_20260730_v2_chtc_activation/authorizations/core__intermediate_strong__nph7__ra_macro_always__gradient_stationary__phase1_cost_off.json	0eabb449d52ede330a8bcfa1c8ca78003728053f3ae3ef4bdc8a43e4e2740a65	4	65536	81920	259200
core__intermediate_strong__nph7__ra_singleton_always__gradient_stationary__phase1_cost_off	chtc/paper_i_ra_adapt_repair_20260727/ra_always_factorial48_r50_20260730_v2_chtc/jobs/core__intermediate_strong__nph7__ra_singleton_always__gradient_stationary__phase1_cost_off.json	175453105bc3346ae9e7ae1cf79f662b0689dde53e23bb936ee8d84de47a0173	chtc/paper_i_ra_adapt_repair_20260727/ra_always_factorial48_r50_20260730_v2_chtc_activation/authorizations/core__intermediate_strong__nph7__ra_singleton_always__gradient_stationary__phase1_cost_off.json	344e7e7beb62047da62b1191ded76d4c47bfc3651a64807de289038379a1fe24	4	90112	98304	259200
core__strong_strong_u8__nph7__ra_macro_always__gradient_stationary__phase1_cost_off	chtc/paper_i_ra_adapt_repair_20260727/ra_always_factorial48_r50_20260730_v2_chtc/jobs/core__strong_strong_u8__nph7__ra_macro_always__gradient_stationary__phase1_cost_off.json	3ff490331bcde96ffa5dc98d6731fe4c2bc401d379ca8cc0eb19e6adf4cb44fc	chtc/paper_i_ra_adapt_repair_20260727/ra_always_factorial48_r50_20260730_v2_chtc_activation/authorizations/core__strong_strong_u8__nph7__ra_macro_always__gradient_stationary__phase1_cost_off.json	82645e8ffc806a38654804cf60005969d0bf4fb682a08aef071f1933d80c37aa	4	65536	81920	259200
core__strong_strong_u8__nph7__ra_singleton_always__gradient_stationary__phase1_cost_off	chtc/paper_i_ra_adapt_repair_20260727/ra_always_factorial48_r50_20260730_v2_chtc/jobs/core__strong_strong_u8__nph7__ra_singleton_always__gradient_stationary__phase1_cost_off.json	ef423ff9ccce2a61877bdbfee4b1bccef53c2a92ac89157563b2bce5f4cddfa1	chtc/paper_i_ra_adapt_repair_20260727/ra_always_factorial48_r50_20260730_v2_chtc_activation/authorizations/core__strong_strong_u8__nph7__ra_singleton_always__gradient_stationary__phase1_cost_off.json	24e2ab27245fe3122bedf0ac277d6950d04ba4d389283948672a907e813825b6	4	90112	98304	259200
core__weak_weak__nph3__ra_macro_always__gradient_measured__phase1_cost_off	chtc/paper_i_ra_adapt_repair_20260727/ra_always_factorial48_r50_20260730_v2_chtc/jobs/core__weak_weak__nph3__ra_macro_always__gradient_measured__phase1_cost_off.json	fc255f6926b45cfd4d20366527df7eb1048fb6f8c7e51c56acb41df51667e533	chtc/paper_i_ra_adapt_repair_20260727/ra_always_factorial48_r50_20260730_v2_chtc_activation/authorizations/core__weak_weak__nph3__ra_macro_always__gradient_measured__phase1_cost_off.json	ea92f9c4b44aebff54a79d132a3cada8006550b57b2760b47773f1b64abc1cab	4	49152	61440	259200
core__weak_weak__nph3__ra_singleton_always__gradient_measured__phase1_cost_off	chtc/paper_i_ra_adapt_repair_20260727/ra_always_factorial48_r50_20260730_v2_chtc/jobs/core__weak_weak__nph3__ra_singleton_always__gradient_measured__phase1_cost_off.json	6435d17eb028d8b727749b790a57cb82a6ba62ae645ca165ff61aadf61181db2	chtc/paper_i_ra_adapt_repair_20260727/ra_always_factorial48_r50_20260730_v2_chtc_activation/authorizations/core__weak_weak__nph3__ra_singleton_always__gradient_measured__phase1_cost_off.json	7d86965c198c0cf75d78643863b8b0c8d654b666c25ef71714042d4bd8996408	4	57344	61440	259200
core__intermediate_weak__nph3__ra_macro_always__gradient_measured__phase1_cost_off	chtc/paper_i_ra_adapt_repair_20260727/ra_always_factorial48_r50_20260730_v2_chtc/jobs/core__intermediate_weak__nph3__ra_macro_always__gradient_measured__phase1_cost_off.json	faea4fccda0910049b0a9463c56022020129a1091ce3f3710451b762a08ba343	chtc/paper_i_ra_adapt_repair_20260727/ra_always_factorial48_r50_20260730_v2_chtc_activation/authorizations/core__intermediate_weak__nph3__ra_macro_always__gradient_measured__phase1_cost_off.json	4fef4e7a3720a3b98a1efbe64cda22abaaf5d12fe2843c6172e98f77210cd9fb	4	49152	61440	259200
core__intermediate_weak__nph3__ra_singleton_always__gradient_measured__phase1_cost_off	chtc/paper_i_ra_adapt_repair_20260727/ra_always_factorial48_r50_20260730_v2_chtc/jobs/core__intermediate_weak__nph3__ra_singleton_always__gradient_measured__phase1_cost_off.json	ddff50ca597372bb5d06ea490c4341dd1d8acb03ce4f0b7daef6a2ed984cb64c	chtc/paper_i_ra_adapt_repair_20260727/ra_always_factorial48_r50_20260730_v2_chtc_activation/authorizations/core__intermediate_weak__nph3__ra_singleton_always__gradient_measured__phase1_cost_off.json	f3dc5ae4332babe08fd2c7d05bc7973d25cd2638802ca29907644bdd93877736	4	57344	61440	259200
core__strong_weak_u8__nph3__ra_macro_always__gradient_measured__phase1_cost_off	chtc/paper_i_ra_adapt_repair_20260727/ra_always_factorial48_r50_20260730_v2_chtc/jobs/core__strong_weak_u8__nph3__ra_macro_always__gradient_measured__phase1_cost_off.json	c13569fa7fccbf150bd65b1b90292dc7b837bdaf8cc848beab994787d38196f7	chtc/paper_i_ra_adapt_repair_20260727/ra_always_factorial48_r50_20260730_v2_chtc_activation/authorizations/core__strong_weak_u8__nph3__ra_macro_always__gradient_measured__phase1_cost_off.json	442c1f866834c3de729d0bb69c5345a273ba47ea8f58d30c3ad8e760bb9c2344	4	49152	61440	259200
core__strong_weak_u8__nph3__ra_singleton_always__gradient_measured__phase1_cost_off	chtc/paper_i_ra_adapt_repair_20260727/ra_always_factorial48_r50_20260730_v2_chtc/jobs/core__strong_weak_u8__nph3__ra_singleton_always__gradient_measured__phase1_cost_off.json	1a3d09217999359356b3f5b5d5e3b8b932f8950e4594d04da644b2b47c396fcc	chtc/paper_i_ra_adapt_repair_20260727/ra_always_factorial48_r50_20260730_v2_chtc_activation/authorizations/core__strong_weak_u8__nph3__ra_singleton_always__gradient_measured__phase1_cost_off.json	259825a5e3bf76cff83b80fa7d1d90b13023b58b830a6ed5b6acc871010f131c	4	57344	61440	259200
core__weak_strong__nph7__ra_macro_always__gradient_measured__phase1_cost_off	chtc/paper_i_ra_adapt_repair_20260727/ra_always_factorial48_r50_20260730_v2_chtc/jobs/core__weak_strong__nph7__ra_macro_always__gradient_measured__phase1_cost_off.json	a807635aa2fe3c77f14891ead878d03b858985cc509b81d0a8f0f760e65d0733	chtc/paper_i_ra_adapt_repair_20260727/ra_always_factorial48_r50_20260730_v2_chtc_activation/authorizations/core__weak_strong__nph7__ra_macro_always__gradient_measured__phase1_cost_off.json	ae4831a9e35863b00d16f70c2532b61f86a6336e7cffb1c2ef9cefd30d270c95	4	65536	81920	259200
core__weak_strong__nph7__ra_singleton_always__gradient_measured__phase1_cost_off	chtc/paper_i_ra_adapt_repair_20260727/ra_always_factorial48_r50_20260730_v2_chtc/jobs/core__weak_strong__nph7__ra_singleton_always__gradient_measured__phase1_cost_off.json	afa6b2f1a70d8eb7206dfbd7511617215e38014fdfe8b223c09fce8db8d85e8e	chtc/paper_i_ra_adapt_repair_20260727/ra_always_factorial48_r50_20260730_v2_chtc_activation/authorizations/core__weak_strong__nph7__ra_singleton_always__gradient_measured__phase1_cost_off.json	8881408297018fd80fe7c04315ad9a18ffcc586c6ce1147af992dffda3322ccc	4	90112	98304	259200
core__intermediate_strong__nph7__ra_macro_always__gradient_measured__phase1_cost_off	chtc/paper_i_ra_adapt_repair_20260727/ra_always_factorial48_r50_20260730_v2_chtc/jobs/core__intermediate_strong__nph7__ra_macro_always__gradient_measured__phase1_cost_off.json	05c03666b6f15161d9ab5355a03b444526a83ff9b5d9390ef1091f7b899efa12	chtc/paper_i_ra_adapt_repair_20260727/ra_always_factorial48_r50_20260730_v2_chtc_activation/authorizations/core__intermediate_strong__nph7__ra_macro_always__gradient_measured__phase1_cost_off.json	221c02dd513134d03058c4e1801e6886d042fee0ef9500dd93e34c1b996bf954	4	65536	81920	259200
core__intermediate_strong__nph7__ra_singleton_always__gradient_measured__phase1_cost_off	chtc/paper_i_ra_adapt_repair_20260727/ra_always_factorial48_r50_20260730_v2_chtc/jobs/core__intermediate_strong__nph7__ra_singleton_always__gradient_measured__phase1_cost_off.json	1a6b4f88fdcd940b101c647f21fe58c2d445499609a1be7c2c2cec5be463884a	chtc/paper_i_ra_adapt_repair_20260727/ra_always_factorial48_r50_20260730_v2_chtc_activation/authorizations/core__intermediate_strong__nph7__ra_singleton_always__gradient_measured__phase1_cost_off.json	33d959e9a189e52109babb2441c3c393ffa021a19252bad10eec0c7e63cc1b20	4	90112	98304	259200
core__strong_strong_u8__nph7__ra_macro_always__gradient_measured__phase1_cost_off	chtc/paper_i_ra_adapt_repair_20260727/ra_always_factorial48_r50_20260730_v2_chtc/jobs/core__strong_strong_u8__nph7__ra_macro_always__gradient_measured__phase1_cost_off.json	499b1b3176b55b2376f31d861e2c8240226e4219c530a0c27a63c9d2053a423e	chtc/paper_i_ra_adapt_repair_20260727/ra_always_factorial48_r50_20260730_v2_chtc_activation/authorizations/core__strong_strong_u8__nph7__ra_macro_always__gradient_measured__phase1_cost_off.json	9dbaec024b874e960c3e7905c0b2f8124ccb07b50bdeaefe33b9190ae83c5013	4	65536	81920	259200
core__strong_strong_u8__nph7__ra_singleton_always__gradient_measured__phase1_cost_off	chtc/paper_i_ra_adapt_repair_20260727/ra_always_factorial48_r50_20260730_v2_chtc/jobs/core__strong_strong_u8__nph7__ra_singleton_always__gradient_measured__phase1_cost_off.json	7eca77e2b01a5d1b07f16721c8a91523692ae2bdb6d00847ca6f7175a829895f	chtc/paper_i_ra_adapt_repair_20260727/ra_always_factorial48_r50_20260730_v2_chtc_activation/authorizations/core__strong_strong_u8__nph7__ra_singleton_always__gradient_measured__phase1_cost_off.json	e2e45a25853768e53691c13c72ab11640e87b3d8069ea7490ce29554353cda9d	4	90112	98304	259200
core__weak_weak__nph3__ra_macro_always__gradient_stationary__phase1_cost_on	chtc/paper_i_ra_adapt_repair_20260727/ra_always_factorial48_r50_20260730_v2_chtc/jobs/core__weak_weak__nph3__ra_macro_always__gradient_stationary__phase1_cost_on.json	992a109e566b9c5fbaa64b3b8d885f534fc39a673c876802120b246999184ab6	chtc/paper_i_ra_adapt_repair_20260727/ra_always_factorial48_r50_20260730_v2_chtc_activation/authorizations/core__weak_weak__nph3__ra_macro_always__gradient_stationary__phase1_cost_on.json	976bdecedf8a2db1f003c28056cbeeca56c9a417a2a9111f4ca72108b0b5cd76	4	49152	61440	259200
core__weak_weak__nph3__ra_singleton_always__gradient_stationary__phase1_cost_on	chtc/paper_i_ra_adapt_repair_20260727/ra_always_factorial48_r50_20260730_v2_chtc/jobs/core__weak_weak__nph3__ra_singleton_always__gradient_stationary__phase1_cost_on.json	fe97c5fb23163971a1ab55b4adaeb0a87470508a89158f8bbbf02e8825473563	chtc/paper_i_ra_adapt_repair_20260727/ra_always_factorial48_r50_20260730_v2_chtc_activation/authorizations/core__weak_weak__nph3__ra_singleton_always__gradient_stationary__phase1_cost_on.json	b9e75fabe2d64e140b5e06cf3c47f4de8109b8f027f804cd3f1938a901320460	4	57344	61440	259200
core__intermediate_weak__nph3__ra_macro_always__gradient_stationary__phase1_cost_on	chtc/paper_i_ra_adapt_repair_20260727/ra_always_factorial48_r50_20260730_v2_chtc/jobs/core__intermediate_weak__nph3__ra_macro_always__gradient_stationary__phase1_cost_on.json	2b9b500894eda84019c6869b22f46408bd9e18351bbaccc40f8bae7969ec84d0	chtc/paper_i_ra_adapt_repair_20260727/ra_always_factorial48_r50_20260730_v2_chtc_activation/authorizations/core__intermediate_weak__nph3__ra_macro_always__gradient_stationary__phase1_cost_on.json	388a5800d33346d9c1545a68e6bf763dd3cf7cfa77d1375165f8e1f18e4081c0	4	49152	61440	259200
core__intermediate_weak__nph3__ra_singleton_always__gradient_stationary__phase1_cost_on	chtc/paper_i_ra_adapt_repair_20260727/ra_always_factorial48_r50_20260730_v2_chtc/jobs/core__intermediate_weak__nph3__ra_singleton_always__gradient_stationary__phase1_cost_on.json	6e3b4d9f9fbd8a4165c40cd09769bba8befaa9af6dde503b2d3175d496a5a131	chtc/paper_i_ra_adapt_repair_20260727/ra_always_factorial48_r50_20260730_v2_chtc_activation/authorizations/core__intermediate_weak__nph3__ra_singleton_always__gradient_stationary__phase1_cost_on.json	79082db6a51d46a5f711e7a24cbffbf29650aa2bed0736545f3d2a0d2e21914e	4	57344	61440	259200
core__strong_weak_u8__nph3__ra_macro_always__gradient_stationary__phase1_cost_on	chtc/paper_i_ra_adapt_repair_20260727/ra_always_factorial48_r50_20260730_v2_chtc/jobs/core__strong_weak_u8__nph3__ra_macro_always__gradient_stationary__phase1_cost_on.json	a97b08aad01e887c3dae69ba2eb6847e6dd7df6cd405d1e8bb3cedf964a41d9d	chtc/paper_i_ra_adapt_repair_20260727/ra_always_factorial48_r50_20260730_v2_chtc_activation/authorizations/core__strong_weak_u8__nph3__ra_macro_always__gradient_stationary__phase1_cost_on.json	13095f0573a530bf15cd1fd316d4c6e7b8d52722dd5bf7d0cdcb85cf3d2d18be	4	49152	61440	259200
core__strong_weak_u8__nph3__ra_singleton_always__gradient_stationary__phase1_cost_on	chtc/paper_i_ra_adapt_repair_20260727/ra_always_factorial48_r50_20260730_v2_chtc/jobs/core__strong_weak_u8__nph3__ra_singleton_always__gradient_stationary__phase1_cost_on.json	50f783cef21156bdcda46949f90700dc49dd262092bf86e22183b62fe25d6ba2	chtc/paper_i_ra_adapt_repair_20260727/ra_always_factorial48_r50_20260730_v2_chtc_activation/authorizations/core__strong_weak_u8__nph3__ra_singleton_always__gradient_stationary__phase1_cost_on.json	63f690b31693298d4c19d7b42a7584615b6480f585cb248cd9055c6f0156eec0	4	57344	61440	259200
core__weak_strong__nph7__ra_macro_always__gradient_stationary__phase1_cost_on	chtc/paper_i_ra_adapt_repair_20260727/ra_always_factorial48_r50_20260730_v2_chtc/jobs/core__weak_strong__nph7__ra_macro_always__gradient_stationary__phase1_cost_on.json	247e49920f80a0d2e654f9ae6e8c53fe728201e319a1c7f89e7c6ee51f344fb1	chtc/paper_i_ra_adapt_repair_20260727/ra_always_factorial48_r50_20260730_v2_chtc_activation/authorizations/core__weak_strong__nph7__ra_macro_always__gradient_stationary__phase1_cost_on.json	ccb04ceedfdd258c325a2bb3a57a6eca8f7e6251927966c1e76403fe0e83bc8b	4	65536	81920	259200
core__weak_strong__nph7__ra_singleton_always__gradient_stationary__phase1_cost_on	chtc/paper_i_ra_adapt_repair_20260727/ra_always_factorial48_r50_20260730_v2_chtc/jobs/core__weak_strong__nph7__ra_singleton_always__gradient_stationary__phase1_cost_on.json	1b5309da1c5cfbec1c707f4e4d2a643aef1385eb9b2c24fde98ecbf9b95c2963	chtc/paper_i_ra_adapt_repair_20260727/ra_always_factorial48_r50_20260730_v2_chtc_activation/authorizations/core__weak_strong__nph7__ra_singleton_always__gradient_stationary__phase1_cost_on.json	f038862bb5aa00edc7ca933324bd8c2a5304cae777ac3ac20cb292181611ff85	4	90112	98304	259200
core__intermediate_strong__nph7__ra_macro_always__gradient_stationary__phase1_cost_on	chtc/paper_i_ra_adapt_repair_20260727/ra_always_factorial48_r50_20260730_v2_chtc/jobs/core__intermediate_strong__nph7__ra_macro_always__gradient_stationary__phase1_cost_on.json	22111412febce5a28eca26b3174c571512e68b5ca152b02c03693237c1bceb36	chtc/paper_i_ra_adapt_repair_20260727/ra_always_factorial48_r50_20260730_v2_chtc_activation/authorizations/core__intermediate_strong__nph7__ra_macro_always__gradient_stationary__phase1_cost_on.json	c04b9beeea19ad7783afb2b5e14109d30554c5246998cf4286f1bb108a296b58	4	65536	81920	259200
core__intermediate_strong__nph7__ra_singleton_always__gradient_stationary__phase1_cost_on	chtc/paper_i_ra_adapt_repair_20260727/ra_always_factorial48_r50_20260730_v2_chtc/jobs/core__intermediate_strong__nph7__ra_singleton_always__gradient_stationary__phase1_cost_on.json	25bd33bbb424faee53cf93a83fc1f2aa717d9f919ac9505801ae318000b642f8	chtc/paper_i_ra_adapt_repair_20260727/ra_always_factorial48_r50_20260730_v2_chtc_activation/authorizations/core__intermediate_strong__nph7__ra_singleton_always__gradient_stationary__phase1_cost_on.json	8ca0730cb5fb90641aea729741ddf0115a2c3ef1af8924618b023b8f0daa4154	4	90112	98304	259200
core__strong_strong_u8__nph7__ra_macro_always__gradient_stationary__phase1_cost_on	chtc/paper_i_ra_adapt_repair_20260727/ra_always_factorial48_r50_20260730_v2_chtc/jobs/core__strong_strong_u8__nph7__ra_macro_always__gradient_stationary__phase1_cost_on.json	226d8185f07eacf74214fdbed4caa6835563bd4e1828ac57cb025098321f77d0	chtc/paper_i_ra_adapt_repair_20260727/ra_always_factorial48_r50_20260730_v2_chtc_activation/authorizations/core__strong_strong_u8__nph7__ra_macro_always__gradient_stationary__phase1_cost_on.json	581483a09e839609dc708815f31047dc94dacbcacb95eb77838297a51b1f5210	4	65536	81920	259200
core__strong_strong_u8__nph7__ra_singleton_always__gradient_stationary__phase1_cost_on	chtc/paper_i_ra_adapt_repair_20260727/ra_always_factorial48_r50_20260730_v2_chtc/jobs/core__strong_strong_u8__nph7__ra_singleton_always__gradient_stationary__phase1_cost_on.json	ed8890dcbf3ff904b1dea670e77385f8f74d7dd342f25a53a0c1a60d0f708bd7	chtc/paper_i_ra_adapt_repair_20260727/ra_always_factorial48_r50_20260730_v2_chtc_activation/authorizations/core__strong_strong_u8__nph7__ra_singleton_always__gradient_stationary__phase1_cost_on.json	3d5c1e896f6d31e2fe7cddc950af7ce849c4a2f2a0e8ae105595b42e4407e19d	4	90112	98304	259200
core__weak_weak__nph3__ra_macro_always__gradient_measured__phase1_cost_on	chtc/paper_i_ra_adapt_repair_20260727/ra_always_factorial48_r50_20260730_v2_chtc/jobs/core__weak_weak__nph3__ra_macro_always__gradient_measured__phase1_cost_on.json	6678f7489d9112660fbe455a40007f1341ad64edc8322a6a7574fcb9490d4296	chtc/paper_i_ra_adapt_repair_20260727/ra_always_factorial48_r50_20260730_v2_chtc_activation/authorizations/core__weak_weak__nph3__ra_macro_always__gradient_measured__phase1_cost_on.json	e84922e166a020a96b443a6b3567490abca387789d84025a449a256e7c28934b	4	49152	61440	259200
core__weak_weak__nph3__ra_singleton_always__gradient_measured__phase1_cost_on	chtc/paper_i_ra_adapt_repair_20260727/ra_always_factorial48_r50_20260730_v2_chtc/jobs/core__weak_weak__nph3__ra_singleton_always__gradient_measured__phase1_cost_on.json	3213e4e544e40bcbb50c1e85622097b7069ff550741ec1d9e2032f3c72f8a2cb	chtc/paper_i_ra_adapt_repair_20260727/ra_always_factorial48_r50_20260730_v2_chtc_activation/authorizations/core__weak_weak__nph3__ra_singleton_always__gradient_measured__phase1_cost_on.json	0006ce9b49f7d3caf9fdd9ddd25051ca27f1f52f37467e1c44b81d73d7fa4dfe	4	57344	61440	259200
core__intermediate_weak__nph3__ra_macro_always__gradient_measured__phase1_cost_on	chtc/paper_i_ra_adapt_repair_20260727/ra_always_factorial48_r50_20260730_v2_chtc/jobs/core__intermediate_weak__nph3__ra_macro_always__gradient_measured__phase1_cost_on.json	a4e46ffb4a50f3cbe55ddd32daf25ea90192e98531dc5f5d7ddf472ce3bd17a8	chtc/paper_i_ra_adapt_repair_20260727/ra_always_factorial48_r50_20260730_v2_chtc_activation/authorizations/core__intermediate_weak__nph3__ra_macro_always__gradient_measured__phase1_cost_on.json	019be176a1aa0f82cb8d88581c63ce9eafb7fc314946503c9ddb4e14d28492fa	4	49152	61440	259200
core__intermediate_weak__nph3__ra_singleton_always__gradient_measured__phase1_cost_on	chtc/paper_i_ra_adapt_repair_20260727/ra_always_factorial48_r50_20260730_v2_chtc/jobs/core__intermediate_weak__nph3__ra_singleton_always__gradient_measured__phase1_cost_on.json	53d7bfd3e2cd36e9ad82316a67a9fb4ba228bf64fe2ab70ea653c5bd08bed3ba	chtc/paper_i_ra_adapt_repair_20260727/ra_always_factorial48_r50_20260730_v2_chtc_activation/authorizations/core__intermediate_weak__nph3__ra_singleton_always__gradient_measured__phase1_cost_on.json	df24bc8f2354da21098596645d48430c39b89d849667e39b84198a772742e4fb	4	57344	61440	259200
core__strong_weak_u8__nph3__ra_macro_always__gradient_measured__phase1_cost_on	chtc/paper_i_ra_adapt_repair_20260727/ra_always_factorial48_r50_20260730_v2_chtc/jobs/core__strong_weak_u8__nph3__ra_macro_always__gradient_measured__phase1_cost_on.json	a7fa756f4be27e3c8f06f942cba9f0510cd9356953166f33156f916598f4a923	chtc/paper_i_ra_adapt_repair_20260727/ra_always_factorial48_r50_20260730_v2_chtc_activation/authorizations/core__strong_weak_u8__nph3__ra_macro_always__gradient_measured__phase1_cost_on.json	71469da706d0a347a30747b80ed3b1a5b7e106c9fe53f8fa8e4c72d0cb7bf696	4	49152	61440	259200
core__strong_weak_u8__nph3__ra_singleton_always__gradient_measured__phase1_cost_on	chtc/paper_i_ra_adapt_repair_20260727/ra_always_factorial48_r50_20260730_v2_chtc/jobs/core__strong_weak_u8__nph3__ra_singleton_always__gradient_measured__phase1_cost_on.json	d5ae9bcd8f75b05213b72a5325dbd2b7a5a43173a43cc4134c85d001244c6265	chtc/paper_i_ra_adapt_repair_20260727/ra_always_factorial48_r50_20260730_v2_chtc_activation/authorizations/core__strong_weak_u8__nph3__ra_singleton_always__gradient_measured__phase1_cost_on.json	de3d50080813bfc4d90a046217f6834a00d9b6c79fa31a9cb024c2cf26c9e252	4	57344	61440	259200
core__weak_strong__nph7__ra_macro_always__gradient_measured__phase1_cost_on	chtc/paper_i_ra_adapt_repair_20260727/ra_always_factorial48_r50_20260730_v2_chtc/jobs/core__weak_strong__nph7__ra_macro_always__gradient_measured__phase1_cost_on.json	c62cf93718a923f6c15116a8e062178b122d981e57f787b5a27d70caa4764c4e	chtc/paper_i_ra_adapt_repair_20260727/ra_always_factorial48_r50_20260730_v2_chtc_activation/authorizations/core__weak_strong__nph7__ra_macro_always__gradient_measured__phase1_cost_on.json	a349fe1982081c8b16f4012c1ceda01d72dfeca6919512bb047707e187a5dc5a	4	65536	81920	259200
core__weak_strong__nph7__ra_singleton_always__gradient_measured__phase1_cost_on	chtc/paper_i_ra_adapt_repair_20260727/ra_always_factorial48_r50_20260730_v2_chtc/jobs/core__weak_strong__nph7__ra_singleton_always__gradient_measured__phase1_cost_on.json	ed51bcdc53fa3932587a763860cbd11f6b74a0ce7dcab3f1af8e8e236d14dd07	chtc/paper_i_ra_adapt_repair_20260727/ra_always_factorial48_r50_20260730_v2_chtc_activation/authorizations/core__weak_strong__nph7__ra_singleton_always__gradient_measured__phase1_cost_on.json	e583f00fa66e545f0ef203cab5e1dbc940e6eef5df7c9b3a80ed9d83237668f5	4	90112	98304	259200
core__intermediate_strong__nph7__ra_macro_always__gradient_measured__phase1_cost_on	chtc/paper_i_ra_adapt_repair_20260727/ra_always_factorial48_r50_20260730_v2_chtc/jobs/core__intermediate_strong__nph7__ra_macro_always__gradient_measured__phase1_cost_on.json	0120223a1601258035a548686f3815bb0a0d3731f02d099d5ef6be3e0a588ba1	chtc/paper_i_ra_adapt_repair_20260727/ra_always_factorial48_r50_20260730_v2_chtc_activation/authorizations/core__intermediate_strong__nph7__ra_macro_always__gradient_measured__phase1_cost_on.json	0175d20b1a2afc0332a945433f8f2584e49aeb235e4856301fa55a39f7b524a7	4	65536	81920	259200
core__intermediate_strong__nph7__ra_singleton_always__gradient_measured__phase1_cost_on	chtc/paper_i_ra_adapt_repair_20260727/ra_always_factorial48_r50_20260730_v2_chtc/jobs/core__intermediate_strong__nph7__ra_singleton_always__gradient_measured__phase1_cost_on.json	3905abecb011266bd4420edb198b99bf627363d88304fe33d8b9d2a2dc9bfecb	chtc/paper_i_ra_adapt_repair_20260727/ra_always_factorial48_r50_20260730_v2_chtc_activation/authorizations/core__intermediate_strong__nph7__ra_singleton_always__gradient_measured__phase1_cost_on.json	71ebf495bd1b18e165583daa5cb16037b01e181410a41efa947937d180e3f63d	4	90112	98304	259200
core__strong_strong_u8__nph7__ra_macro_always__gradient_measured__phase1_cost_on	chtc/paper_i_ra_adapt_repair_20260727/ra_always_factorial48_r50_20260730_v2_chtc/jobs/core__strong_strong_u8__nph7__ra_macro_always__gradient_measured__phase1_cost_on.json	db6d9432c6f3fef694cd7826ab14828f9ac9d08c419a3826a14230a4c17f22e9	chtc/paper_i_ra_adapt_repair_20260727/ra_always_factorial48_r50_20260730_v2_chtc_activation/authorizations/core__strong_strong_u8__nph7__ra_macro_always__gradient_measured__phase1_cost_on.json	2a731fa55449af9d9d4504f575572a281c5b0f2a7b7754528a567598c2856ad4	4	65536	81920	259200
core__strong_strong_u8__nph7__ra_singleton_always__gradient_measured__phase1_cost_on	chtc/paper_i_ra_adapt_repair_20260727/ra_always_factorial48_r50_20260730_v2_chtc/jobs/core__strong_strong_u8__nph7__ra_singleton_always__gradient_measured__phase1_cost_on.json	3fb0220bdafb3210751897a8aecc36fb4369d511854626d002d4096e138f7a89	chtc/paper_i_ra_adapt_repair_20260727/ra_always_factorial48_r50_20260730_v2_chtc_activation/authorizations/core__strong_strong_u8__nph7__ra_singleton_always__gradient_measured__phase1_cost_on.json	90f8b1ce1339f52e4a216cce693bd292e43f2f603796fd6990fa84363385d69e	4	90112	98304	259200
