regime,method,iteration,absolute_same_cutoff_error,is_display_marker,marker_policy
weak_weak,SNAKE,0,1.0355709009618552,0,terminal_result_after_preserved_terminal_refit
weak_weak,SNAKE,1,0.043353119499175419,0,terminal_result_after_preserved_terminal_refit
weak_weak,SNAKE,2,0.032972372799869198,0,terminal_result_after_preserved_terminal_refit
weak_weak,SNAKE,3,0.02254395453774638,0,terminal_result_after_preserved_terminal_refit
weak_weak,SNAKE,4,0.012419000245377454,0,terminal_result_after_preserved_terminal_refit
weak_weak,SNAKE,5,0.0022496187569944759,0,terminal_result_after_preserved_terminal_refit
weak_weak,SNAKE,6,0.0018319100319090786,0,terminal_result_after_preserved_terminal_refit
weak_weak,SNAKE,7,0.0010271631749557697,0,terminal_result_after_preserved_terminal_refit
weak_weak,SNAKE,8,0.00064712704190483805,0,terminal_result_after_preserved_terminal_refit
weak_weak,SNAKE,9,0.00050904039707355686,0,terminal_result_after_preserved_terminal_refit
weak_weak,SNAKE,10,0.00037626735280182899,0,terminal_result_after_preserved_terminal_refit
weak_weak,SNAKE,11,0.00037089608805429553,0,terminal_result_after_preserved_terminal_refit
weak_weak,SNAKE,12,0.00026670289136321301,0,terminal_result_after_preserved_terminal_refit
weak_weak,SNAKE,13,0.00026337141023602406,0,terminal_result_after_preserved_terminal_refit
weak_weak,SNAKE,14,4.3141518195621842e-06,0,terminal_result_after_preserved_terminal_refit
weak_weak,SNAKE,15,2.7588402606859574e-07,0,terminal_result_after_preserved_terminal_refit
weak_weak,SNAKE,16,2.1084388190928394e-07,0,terminal_result_after_preserved_terminal_refit
weak_weak,SNAKE,17,2.0394595567907459e-07,0,terminal_result_after_preserved_terminal_refit
weak_weak,SNAKE,18,2.0385710941539514e-07,0,terminal_result_after_preserved_terminal_refit
weak_weak,SNAKE,19,2.0283752455441117e-07,0,terminal_result_after_preserved_terminal_refit
weak_weak,SNAKE,20,9.9215079152337182e-08,0,terminal_result_after_preserved_terminal_refit
weak_weak,SNAKE,21,6.4211014616510909e-08,0,terminal_result_after_preserved_terminal_refit
weak_weak,SNAKE,22,6.1765748293751699e-08,0,terminal_result_after_preserved_terminal_refit
weak_weak,SNAKE,23,6.1417822827536384e-08,0,terminal_result_after_preserved_terminal_refit
weak_weak,SNAKE,24,6.1412645191438742e-08,0,terminal_result_after_preserved_terminal_refit
weak_weak,SNAKE,25,6.022739340583172e-08,0,terminal_result_after_preserved_terminal_refit
weak_weak,SNAKE,26,3.8118200373915556e-08,0,terminal_result_after_preserved_terminal_refit
weak_weak,SNAKE,27,3.9558356590418953e-12,0,terminal_result_after_preserved_terminal_refit
weak_weak,SNAKE,28,8.2822637637036678e-14,0,terminal_result_after_preserved_terminal_refit
weak_weak,SNAKE,29,9.2148511043887993e-15,0,terminal_result_after_preserved_terminal_refit
weak_weak,SNAKE,30,7.9936057773011271e-15,1,terminal_result_after_preserved_terminal_refit
weak_weak,Geo-ADAPT,0,1.0355709009619218,0,retained_existing_plateau_marker
weak_weak,Geo-ADAPT,1,0.043353119499240256,0,retained_existing_plateau_marker
weak_weak,Geo-ADAPT,2,0.022473623249678498,0,retained_existing_plateau_marker
weak_weak,Geo-ADAPT,3,0.0014957332582063998,0,retained_existing_plateau_marker
weak_weak,Geo-ADAPT,4,0.0013117770378563431,0,retained_existing_plateau_marker
weak_weak,Geo-ADAPT,5,0.001127815214085226,1,retained_existing_plateau_marker
weak_weak,Geo-ADAPT,6,0.0011278151265112779,0,retained_existing_plateau_marker
weak_weak,Geo-ADAPT,7,0.0011276027892804796,0,retained_existing_plateau_marker
weak_weak,Geo-ADAPT,8,0.0011275964298044228,0,retained_existing_plateau_marker
weak_weak,Geo-ADAPT,9,0.0011275964285104578,0,retained_existing_plateau_marker
weak_weak,Geo-ADAPT,10,0.0011275964284775952,0,retained_existing_plateau_marker
weak_weak,Geo-ADAPT,11,0.001127596428446509,0,retained_existing_plateau_marker
weak_weak,Geo-ADAPT,12,0.0011275964284152007,0,retained_existing_plateau_marker
weak_weak,Geo-ADAPT,13,0.0011275964283897766,0,retained_existing_plateau_marker
weak_weak,Geo-ADAPT,14,0.0011275964283586903,0,retained_existing_plateau_marker
weak_weak,Geo-ADAPT,15,0.0011275964283337103,0,retained_existing_plateau_marker
weak_weak,Geo-ADAPT,16,0.0011275964283049555,0,retained_existing_plateau_marker
weak_weak,Geo-ADAPT,17,0.0011275964282764228,0,retained_existing_plateau_marker
weak_weak,Geo-ADAPT,18,0.0011275964282446704,0,retained_existing_plateau_marker
weak_weak,Geo-ADAPT,19,0.0011275964282120299,0,retained_existing_plateau_marker
weak_weak,Geo-ADAPT,20,0.0011275964281843853,0,retained_existing_plateau_marker
weak_weak,Geo-ADAPT,21,0.0011275964281560746,0,retained_existing_plateau_marker
weak_weak,Geo-ADAPT,22,0.001127596428128208,0,retained_existing_plateau_marker
weak_weak,Geo-ADAPT,23,0.0011275964280976769,0,retained_existing_plateau_marker
weak_weak,Geo-ADAPT,24,0.001127596428068145,0,retained_existing_plateau_marker
weak_weak,Geo-ADAPT,25,0.0011275964280412776,0,retained_existing_plateau_marker
weak_weak,Geo-ADAPT,26,0.0011275964280099693,0,retained_existing_plateau_marker
weak_weak,Geo-ADAPT,27,0.0011275964279783279,0,retained_existing_plateau_marker
weak_weak,Geo-ADAPT,28,0.0011275964279482409,0,retained_existing_plateau_marker
weak_weak,Geo-ADAPT,29,0.0011275964279193751,0,retained_existing_plateau_marker
weak_weak,Geo-ADAPT,30,0.0011275964279193751,0,retained_existing_plateau_marker
weak_weak,Append-ADAPT,0,1.0355709009619218,0,retained_existing_plateau_marker
weak_weak,Append-ADAPT,1,0.043353119499240034,0,retained_existing_plateau_marker
weak_weak,Append-ADAPT,2,0.02247362324967872,0,retained_existing_plateau_marker
weak_weak,Append-ADAPT,3,0.0014957332582068439,0,retained_existing_plateau_marker
weak_weak,Append-ADAPT,4,0.0013117770378571203,0,retained_existing_plateau_marker
weak_weak,Append-ADAPT,5,0.0011346839099926065,0,retained_existing_plateau_marker
weak_weak,Append-ADAPT,6,0.0011338288294809873,0,retained_existing_plateau_marker
weak_weak,Append-ADAPT,7,0.0011278152141340758,0,retained_existing_plateau_marker
weak_weak,Append-ADAPT,8,0.0011144896688363159,0,retained_existing_plateau_marker
weak_weak,Append-ADAPT,9,0.0011144794229126509,0,retained_existing_plateau_marker
weak_weak,Append-ADAPT,10,0.0011050123630553799,0,retained_existing_plateau_marker
weak_weak,Append-ADAPT,11,0.0011050122436859766,0,retained_existing_plateau_marker
weak_weak,Append-ADAPT,12,0.0011050079061898366,0,retained_existing_plateau_marker
weak_weak,Append-ADAPT,13,0.0011030329599489574,0,retained_existing_plateau_marker
weak_weak,Append-ADAPT,14,0.0011030328702570369,0,retained_existing_plateau_marker
weak_weak,Append-ADAPT,15,0.001103032843610241,0,retained_existing_plateau_marker
weak_weak,Append-ADAPT,16,0.0011030328148837754,0,retained_existing_plateau_marker
weak_weak,Append-ADAPT,17,0.0010738030898647111,0,retained_existing_plateau_marker
weak_weak,Append-ADAPT,18,0.00093940748218590553,0,retained_existing_plateau_marker
weak_weak,Append-ADAPT,19,0.00092612089595145441,0,retained_existing_plateau_marker
weak_weak,Append-ADAPT,20,0.0009194246713150056,0,retained_existing_plateau_marker
weak_weak,Append-ADAPT,21,0.00091931144436052659,0,retained_existing_plateau_marker
weak_weak,Append-ADAPT,22,0.0009192819178269751,0,retained_existing_plateau_marker
weak_weak,Append-ADAPT,23,0.00036917404831438017,1,retained_existing_plateau_marker
weak_weak,Append-ADAPT,24,0.00036912887564843899,0,retained_existing_plateau_marker
weak_weak,Append-ADAPT,25,0.000368957054541319,0,retained_existing_plateau_marker
weak_weak,Append-ADAPT,26,0.00036887645785221856,0,retained_existing_plateau_marker
weak_weak,Append-ADAPT,27,0.00036887645746785935,0,retained_existing_plateau_marker
weak_weak,Append-ADAPT,28,0.00036887645723293616,0,retained_existing_plateau_marker
weak_weak,Append-ADAPT,29,0.00036887645699357208,0,retained_existing_plateau_marker
weak_weak,Append-ADAPT,30,0.00036887645699357208,0,retained_existing_plateau_marker
intermediate_weak,SNAKE,0,0.94074799760158345,0,user_selected_last_plateau_history_checkpoint
intermediate_weak,SNAKE,1,0.11999563910865924,0,user_selected_last_plateau_history_checkpoint
intermediate_weak,SNAKE,2,0.10961489240935401,0,user_selected_last_plateau_history_checkpoint
intermediate_weak,SNAKE,3,0.01929111573083242,0,user_selected_last_plateau_history_checkpoint
intermediate_weak,SNAKE,4,0.01386843548320571,0,user_selected_last_plateau_history_checkpoint
intermediate_weak,SNAKE,5,0.0073004014825407415,0,user_selected_last_plateau_history_checkpoint
intermediate_weak,SNAKE,6,0.00064705025561240248,0,user_selected_last_plateau_history_checkpoint
intermediate_weak,SNAKE,7,0.00049728289163081252,0,user_selected_last_plateau_history_checkpoint
intermediate_weak,SNAKE,8,0.00027372811283582488,0,user_selected_last_plateau_history_checkpoint
intermediate_weak,SNAKE,9,0.00019681933699339238,0,user_selected_last_plateau_history_checkpoint
intermediate_weak,SNAKE,10,0.00018639839856204876,0,user_selected_last_plateau_history_checkpoint
intermediate_weak,SNAKE,11,0.00017589288300401407,0,user_selected_last_plateau_history_checkpoint
intermediate_weak,SNAKE,12,0.00017084322490157344,0,user_selected_last_plateau_history_checkpoint
intermediate_weak,SNAKE,13,5.7169229582543224e-05,0,user_selected_last_plateau_history_checkpoint
intermediate_weak,SNAKE,14,1.9662188879498999e-05,0,user_selected_last_plateau_history_checkpoint
intermediate_weak,SNAKE,15,1.9414810723261677e-05,0,user_selected_last_plateau_history_checkpoint
intermediate_weak,SNAKE,16,1.7659610005937854e-05,0,user_selected_last_plateau_history_checkpoint
intermediate_weak,SNAKE,17,1.7318752743689103e-05,0,user_selected_last_plateau_history_checkpoint
intermediate_weak,SNAKE,18,1.0057023054343972e-06,0,user_selected_last_plateau_history_checkpoint
intermediate_weak,SNAKE,19,1.6116808887467471e-08,0,user_selected_last_plateau_history_checkpoint
intermediate_weak,SNAKE,20,6.2199689843112083e-12,0,user_selected_last_plateau_history_checkpoint
intermediate_weak,SNAKE,21,2.8566038423605278e-13,0,user_selected_last_plateau_history_checkpoint
intermediate_weak,SNAKE,22,1.5654144647214707e-14,0,user_selected_last_plateau_history_checkpoint
intermediate_weak,SNAKE,23,3.4416913763379853e-15,1,user_selected_last_plateau_history_checkpoint
intermediate_weak,SNAKE,24,2.7755575615628914e-15,0,user_selected_last_plateau_history_checkpoint
intermediate_weak,SNAKE,25,2.7755575615628914e-15,0,user_selected_last_plateau_history_checkpoint
intermediate_weak,SNAKE,26,2.7755575615628914e-15,0,user_selected_last_plateau_history_checkpoint
intermediate_weak,SNAKE,27,2.7755575615628914e-15,0,user_selected_last_plateau_history_checkpoint
intermediate_weak,SNAKE,28,2.7755575615628914e-15,0,user_selected_last_plateau_history_checkpoint
intermediate_weak,SNAKE,29,2.7755575615628914e-15,0,user_selected_last_plateau_history_checkpoint
intermediate_weak,SNAKE,30,2.7755575615628914e-15,0,user_selected_last_plateau_history_checkpoint
intermediate_weak,Geo-ADAPT,0,0.94074799760162653,0,retained_existing_plateau_marker
intermediate_weak,Geo-ADAPT,1,0.11999563910870198,0,retained_existing_plateau_marker
intermediate_weak,Geo-ADAPT,2,0.099116142859140166,0,retained_existing_plateau_marker
intermediate_weak,Geo-ADAPT,3,0.098932933202497964,0,retained_existing_plateau_marker
intermediate_weak,Geo-ADAPT,4,0.07795429664731951,1,retained_existing_plateau_marker
intermediate_weak,Geo-ADAPT,5,0.077770334823548337,0,retained_existing_plateau_marker
intermediate_weak,Geo-ADAPT,6,0.077770147102115328,0,retained_existing_plateau_marker
intermediate_weak,Geo-ADAPT,7,0.077769932474100301,0,retained_existing_plateau_marker
intermediate_weak,Geo-ADAPT,8,0.077769840013346747,0,retained_existing_plateau_marker
intermediate_weak,Geo-ADAPT,9,0.077769840013119373,0,retained_existing_plateau_marker
intermediate_weak,Geo-ADAPT,10,0.077769840012942848,0,retained_existing_plateau_marker
intermediate_weak,Geo-ADAPT,11,0.077769840012795521,0,retained_existing_plateau_marker
intermediate_weak,Geo-ADAPT,12,0.077769840012655966,0,retained_existing_plateau_marker
intermediate_weak,Geo-ADAPT,13,0.077769840012520408,0,retained_existing_plateau_marker
intermediate_weak,Geo-ADAPT,14,0.077769840012382629,0,retained_existing_plateau_marker
intermediate_weak,Geo-ADAPT,15,0.077769840012250513,0,retained_existing_plateau_marker
intermediate_weak,Geo-ADAPT,16,0.077769840012114066,0,retained_existing_plateau_marker
intermediate_weak,Geo-ADAPT,17,0.077769840011969071,0,retained_existing_plateau_marker
intermediate_weak,Geo-ADAPT,18,0.077769840011828573,0,retained_existing_plateau_marker
intermediate_weak,Geo-ADAPT,19,0.077769840011696456,0,retained_existing_plateau_marker
intermediate_weak,Geo-ADAPT,20,0.077769840011562952,0,retained_existing_plateau_marker
intermediate_weak,Geo-ADAPT,21,0.077769840011433444,0,retained_existing_plateau_marker
intermediate_weak,Geo-ADAPT,22,0.077769840011299163,0,retained_existing_plateau_marker
intermediate_weak,Geo-ADAPT,23,0.077769840011169933,0,retained_existing_plateau_marker
intermediate_weak,Geo-ADAPT,24,0.077769840011024438,0,retained_existing_plateau_marker
intermediate_weak,Geo-ADAPT,25,0.07776984001089704,0,retained_existing_plateau_marker
intermediate_weak,Geo-ADAPT,26,0.077769840010770808,0,retained_existing_plateau_marker
intermediate_weak,Geo-ADAPT,27,0.07776984001063203,0,retained_existing_plateau_marker
intermediate_weak,Geo-ADAPT,28,0.077769840010498414,0,retained_existing_plateau_marker
intermediate_weak,Geo-ADAPT,29,0.077769840010371016,0,retained_existing_plateau_marker
intermediate_weak,Geo-ADAPT,30,0.077769840010371016,0,retained_existing_plateau_marker
intermediate_weak,Append-ADAPT,0,0.94074799760162686,0,retained_existing_plateau_marker
intermediate_weak,Append-ADAPT,1,0.11999563910870181,0,retained_existing_plateau_marker
intermediate_weak,Append-ADAPT,2,0.099116142859140721,0,retained_existing_plateau_marker
intermediate_weak,Append-ADAPT,3,0.078138252867669733,0,retained_existing_plateau_marker
intermediate_weak,Append-ADAPT,4,0.077954296647319232,0,retained_existing_plateau_marker
intermediate_weak,Append-ADAPT,5,0.077778543675333711,0,retained_existing_plateau_marker
intermediate_weak,Append-ADAPT,6,0.077777913722673397,0,retained_existing_plateau_marker
intermediate_weak,Append-ADAPT,7,0.077770334823567211,0,retained_existing_plateau_marker
intermediate_weak,Append-ADAPT,8,0.077122320387403853,0,retained_existing_plateau_marker
intermediate_weak,Append-ADAPT,9,0.067232583121340561,0,retained_existing_plateau_marker
intermediate_weak,Append-ADAPT,10,0.067175761368466591,0,retained_existing_plateau_marker
intermediate_weak,Append-ADAPT,11,0.067143653601341391,0,retained_existing_plateau_marker
intermediate_weak,Append-ADAPT,12,0.067060515091283968,0,retained_existing_plateau_marker
intermediate_weak,Append-ADAPT,13,0.066992203019800245,0,retained_existing_plateau_marker
intermediate_weak,Append-ADAPT,14,0.060893525170247043,0,retained_existing_plateau_marker
intermediate_weak,Append-ADAPT,15,0.060713350078572148,0,retained_existing_plateau_marker
intermediate_weak,Append-ADAPT,16,0.060564206807180831,0,retained_existing_plateau_marker
intermediate_weak,Append-ADAPT,17,0.051916890161600837,0,retained_existing_plateau_marker
intermediate_weak,Append-ADAPT,18,0.050029667366213282,0,retained_existing_plateau_marker
intermediate_weak,Append-ADAPT,19,0.045962531000578788,0,retained_existing_plateau_marker
intermediate_weak,Append-ADAPT,20,0.040113007632512354,0,retained_existing_plateau_marker
intermediate_weak,Append-ADAPT,21,0.029871136867236803,0,retained_existing_plateau_marker
intermediate_weak,Append-ADAPT,22,0.024689273084694929,0,retained_existing_plateau_marker
intermediate_weak,Append-ADAPT,23,0.020787821815661855,0,retained_existing_plateau_marker
intermediate_weak,Append-ADAPT,24,0.013339205522747366,0,retained_existing_plateau_marker
intermediate_weak,Append-ADAPT,25,0.0060336370461980815,0,retained_existing_plateau_marker
intermediate_weak,Append-ADAPT,26,0.0054878683972691134,0,retained_existing_plateau_marker
intermediate_weak,Append-ADAPT,27,0.0052236905147739487,0,retained_existing_plateau_marker
intermediate_weak,Append-ADAPT,28,0.003946816613623283,1,retained_existing_plateau_marker
intermediate_weak,Append-ADAPT,29,0.0039424802385104596,0,retained_existing_plateau_marker
intermediate_weak,Append-ADAPT,30,0.0039424802385104596,0,retained_existing_plateau_marker
strong_weak,SNAKE,0,0.35043567358249539,0,user_selected_last_plateau_history_checkpoint
strong_weak,SNAKE,1,0.22354129920018007,0,user_selected_last_plateau_history_checkpoint
strong_weak,SNAKE,2,0.0014053442007520012,0,user_selected_last_plateau_history_checkpoint
strong_weak,SNAKE,3,0.0012212922636889445,0,user_selected_last_plateau_history_checkpoint
strong_weak,SNAKE,4,0.00070781969689615032,0,user_selected_last_plateau_history_checkpoint
strong_weak,SNAKE,5,0.00052235455961890942,0,user_selected_last_plateau_history_checkpoint
strong_weak,SNAKE,6,5.6111408484049718e-06,0,user_selected_last_plateau_history_checkpoint
strong_weak,SNAKE,7,3.8249419116453964e-06,0,user_selected_last_plateau_history_checkpoint
strong_weak,SNAKE,8,1.8974086486434061e-06,0,user_selected_last_plateau_history_checkpoint
strong_weak,SNAKE,9,1.5711479179891796e-06,1,user_selected_last_plateau_history_checkpoint
strong_weak,SNAKE,10,1.3929140220136915e-06,0,user_selected_last_plateau_history_checkpoint
strong_weak,SNAKE,11,1.3847957127666177e-06,0,user_selected_last_plateau_history_checkpoint
strong_weak,SNAKE,12,1.3847933967303661e-06,0,user_selected_last_plateau_history_checkpoint
strong_weak,SNAKE,13,1.3834340825136238e-06,0,user_selected_last_plateau_history_checkpoint
strong_weak,SNAKE,14,1.3834336600737629e-06,0,user_selected_last_plateau_history_checkpoint
strong_weak,SNAKE,15,1.3834336495266442e-06,0,user_selected_last_plateau_history_checkpoint
strong_weak,SNAKE,16,1.3834336485274434e-06,0,user_selected_last_plateau_history_checkpoint
strong_weak,SNAKE,17,1.3834336461959751e-06,0,user_selected_last_plateau_history_checkpoint
strong_weak,SNAKE,18,1.3834336461959751e-06,0,user_selected_last_plateau_history_checkpoint
strong_weak,SNAKE,19,1.3834336445306405e-06,0,user_selected_last_plateau_history_checkpoint
strong_weak,SNAKE,20,1.3834336431983729e-06,0,user_selected_last_plateau_history_checkpoint
strong_weak,SNAKE,21,1.3834336414220161e-06,0,user_selected_last_plateau_history_checkpoint
strong_weak,SNAKE,22,1.3834336409779269e-06,0,user_selected_last_plateau_history_checkpoint
strong_weak,SNAKE,23,1.3834336409779269e-06,0,user_selected_last_plateau_history_checkpoint
strong_weak,SNAKE,24,1.3834336409779269e-06,0,user_selected_last_plateau_history_checkpoint
strong_weak,SNAKE,25,1.3834336405338377e-06,0,user_selected_last_plateau_history_checkpoint
strong_weak,SNAKE,26,1.3834336403117931e-06,0,user_selected_last_plateau_history_checkpoint
strong_weak,SNAKE,27,1.3834336403117931e-06,0,user_selected_last_plateau_history_checkpoint
strong_weak,SNAKE,28,1.3834336403117931e-06,0,user_selected_last_plateau_history_checkpoint
strong_weak,SNAKE,29,1.3834336403117931e-06,0,user_selected_last_plateau_history_checkpoint
strong_weak,SNAKE,30,1.3834336398677038e-06,0,user_selected_last_plateau_history_checkpoint
strong_weak,SNAKE,31,1.3834336398677038e-06,0,user_selected_last_plateau_history_checkpoint
strong_weak,SNAKE,32,1.3834336398677038e-06,0,user_selected_last_plateau_history_checkpoint
strong_weak,SNAKE,33,1.3834336398677038e-06,0,user_selected_last_plateau_history_checkpoint
strong_weak,SNAKE,34,1.3834336387574808e-06,0,user_selected_last_plateau_history_checkpoint
strong_weak,SNAKE,35,1.3834336387574808e-06,0,user_selected_last_plateau_history_checkpoint
strong_weak,SNAKE,36,1.3834336387574808e-06,0,user_selected_last_plateau_history_checkpoint
strong_weak,SNAKE,37,1.3834336376472578e-06,0,user_selected_last_plateau_history_checkpoint
strong_weak,SNAKE,38,1.3834336376472578e-06,0,user_selected_last_plateau_history_checkpoint
strong_weak,SNAKE,39,1.3834336352047671e-06,0,user_selected_last_plateau_history_checkpoint
strong_weak,SNAKE,40,1.3834336352047671e-06,0,user_selected_last_plateau_history_checkpoint
strong_weak,SNAKE,41,1.3834336350937448e-06,0,user_selected_last_plateau_history_checkpoint
strong_weak,SNAKE,42,1.3834336350937448e-06,0,user_selected_last_plateau_history_checkpoint
strong_weak,SNAKE,43,1.3834336350937448e-06,0,user_selected_last_plateau_history_checkpoint
strong_weak,SNAKE,44,1.3834336350937448e-06,0,user_selected_last_plateau_history_checkpoint
strong_weak,SNAKE,45,1.3834336350937448e-06,0,user_selected_last_plateau_history_checkpoint
strong_weak,SNAKE,46,1.3834336350937448e-06,0,user_selected_last_plateau_history_checkpoint
strong_weak,SNAKE,47,1.3834336336504549e-06,0,user_selected_last_plateau_history_checkpoint
strong_weak,SNAKE,48,1.3834336336504549e-06,0,user_selected_last_plateau_history_checkpoint
strong_weak,SNAKE,49,1.3834336334284103e-06,0,user_selected_last_plateau_history_checkpoint
strong_weak,SNAKE,50,1.3834336334284103e-06,0,user_selected_last_plateau_history_checkpoint
strong_weak,Geo-ADAPT,0,0.35043567358249517,0,retained_existing_plateau_marker
strong_weak,Geo-ADAPT,1,0.22354129920015531,0,retained_existing_plateau_marker
strong_weak,Geo-ADAPT,2,0.0014053442005772521,0,retained_existing_plateau_marker
strong_weak,Geo-ADAPT,3,0.0007064065048181245,0,retained_existing_plateau_marker
strong_weak,Geo-ADAPT,4,2.7512258803374934e-06,0,retained_existing_plateau_marker
strong_weak,Geo-ADAPT,5,2.3546519462014359e-06,0,retained_existing_plateau_marker
strong_weak,Geo-ADAPT,6,1.958072529117949e-06,1,retained_existing_plateau_marker
strong_weak,Geo-ADAPT,7,1.9580725264534138e-06,0,retained_existing_plateau_marker
strong_weak,Geo-ADAPT,8,1.9580725213463879e-06,0,retained_existing_plateau_marker
strong_weak,Geo-ADAPT,9,1.9580725189038972e-06,0,retained_existing_plateau_marker
strong_weak,Geo-ADAPT,10,1.9580725146850497e-06,0,retained_existing_plateau_marker
strong_weak,Geo-ADAPT,11,1.9580725073575778e-06,0,retained_existing_plateau_marker
strong_weak,Geo-ADAPT,12,1.9580725058032655e-06,0,retained_existing_plateau_marker
strong_weak,Geo-ADAPT,13,1.9580725038048641e-06,0,retained_existing_plateau_marker
strong_weak,Geo-ADAPT,14,1.9580725028056634e-06,0,retained_existing_plateau_marker
strong_weak,Geo-ADAPT,15,1.958072498253749e-06,0,retained_existing_plateau_marker
strong_weak,Geo-ADAPT,16,1.9580724920365e-06,0,retained_existing_plateau_marker
strong_weak,Geo-ADAPT,17,1.9580724860412957e-06,0,retained_existing_plateau_marker
strong_weak,Geo-ADAPT,18,1.958072482488582e-06,0,retained_existing_plateau_marker
strong_weak,Geo-ADAPT,19,1.9580724733847532e-06,0,retained_existing_plateau_marker
strong_weak,Geo-ADAPT,20,1.9580724719414633e-06,0,retained_existing_plateau_marker
strong_weak,Geo-ADAPT,21,1.9580724669454597e-06,0,retained_existing_plateau_marker
strong_weak,Geo-ADAPT,22,1.9580724613943445e-06,0,retained_existing_plateau_marker
strong_weak,Geo-ADAPT,23,1.958072457175497e-06,0,retained_existing_plateau_marker
strong_weak,Geo-ADAPT,24,1.9580724509582481e-06,0,retained_existing_plateau_marker
strong_weak,Geo-ADAPT,25,1.9580724440748654e-06,0,retained_existing_plateau_marker
strong_weak,Geo-ADAPT,26,1.9580724366363711e-06,0,retained_existing_plateau_marker
strong_weak,Geo-ADAPT,27,1.9580724323065013e-06,0,retained_existing_plateau_marker
strong_weak,Geo-ADAPT,28,1.958072426311297e-06,0,retained_existing_plateau_marker
strong_weak,Geo-ADAPT,29,1.9580724245349401e-06,0,retained_existing_plateau_marker
strong_weak,Geo-ADAPT,30,1.9580724245349401e-06,0,retained_existing_plateau_marker
strong_weak,Append-ADAPT,0,0.35043567358249472,0,retained_existing_plateau_marker
strong_weak,Append-ADAPT,1,0.22354129920015586,0,retained_existing_plateau_marker
strong_weak,Append-ADAPT,2,0.0014053442005764749,0,retained_existing_plateau_marker
strong_weak,Append-ADAPT,3,0.00070640650481890166,0,retained_existing_plateau_marker
strong_weak,Append-ADAPT,4,2.7512258801154488e-06,0,retained_existing_plateau_marker
strong_weak,Append-ADAPT,5,2.3546519453132575e-06,0,retained_existing_plateau_marker
strong_weak,Append-ADAPT,6,1.958072529451016e-06,1,retained_existing_plateau_marker
strong_weak,Append-ADAPT,7,1.9580725271195476e-06,0,retained_existing_plateau_marker
strong_weak,Append-ADAPT,8,1.9580725271195476e-06,0,retained_existing_plateau_marker
strong_weak,Append-ADAPT,9,1.9580725248991016e-06,0,retained_existing_plateau_marker
strong_weak,Append-ADAPT,10,1.958072523233767e-06,0,retained_existing_plateau_marker
strong_weak,Append-ADAPT,11,1.9580725204582095e-06,0,retained_existing_plateau_marker
strong_weak,Append-ADAPT,12,1.9580725176826519e-06,0,retained_existing_plateau_marker
strong_weak,Append-ADAPT,13,1.9580725122425591e-06,0,retained_existing_plateau_marker
strong_weak,Append-ADAPT,14,1.9580725055812209e-06,0,retained_existing_plateau_marker
strong_weak,Append-ADAPT,15,1.9580725031387303e-06,0,retained_existing_plateau_marker
strong_weak,Append-ADAPT,16,1.9580725024725965e-06,0,retained_existing_plateau_marker
strong_weak,Append-ADAPT,17,1.9580725009182842e-06,0,retained_existing_plateau_marker
strong_weak,Append-ADAPT,18,1.9580725002521504e-06,0,retained_existing_plateau_marker
strong_weak,Append-ADAPT,19,1.9580724928136561e-06,0,retained_existing_plateau_marker
strong_weak,Append-ADAPT,20,1.9580724881507194e-06,0,retained_existing_plateau_marker
strong_weak,Append-ADAPT,21,1.9580724844869835e-06,0,retained_existing_plateau_marker
strong_weak,Append-ADAPT,22,1.9580724830436935e-06,0,retained_existing_plateau_marker
strong_weak,Append-ADAPT,23,1.9580724796020021e-06,0,retained_existing_plateau_marker
strong_weak,Append-ADAPT,24,1.9580724791579129e-06,0,retained_existing_plateau_marker
strong_weak,Append-ADAPT,25,1.958072478824846e-06,0,retained_existing_plateau_marker
strong_weak,Append-ADAPT,26,1.9580724763823554e-06,0,retained_existing_plateau_marker
strong_weak,Append-ADAPT,27,1.9580724744949762e-06,0,retained_existing_plateau_marker
strong_weak,Append-ADAPT,28,1.958072474050887e-06,0,retained_existing_plateau_marker
strong_weak,Append-ADAPT,29,1.9580724731627086e-06,0,retained_existing_plateau_marker
strong_weak,Append-ADAPT,30,1.9580724731627086e-06,0,retained_existing_plateau_marker
weak_strong,SNAKE,0,1.2557969818219326,0,terminal_result_after_preserved_terminal_refit
weak_strong,SNAKE,1,0.26357920035925242,0,terminal_result_after_preserved_terminal_refit
weak_strong,SNAKE,2,0.21236999461040718,0,terminal_result_after_preserved_terminal_refit
weak_strong,SNAKE,3,0.16002226059965163,0,terminal_result_after_preserved_terminal_refit
weak_strong,SNAKE,4,0.11443452613041782,0,terminal_result_after_preserved_terminal_refit
weak_strong,SNAKE,5,0.067996704577981459,0,terminal_result_after_preserved_terminal_refit
weak_strong,SNAKE,6,0.058173087374288279,0,terminal_result_after_preserved_terminal_refit
weak_strong,SNAKE,7,0.044313132103873221,0,terminal_result_after_preserved_terminal_refit
weak_strong,SNAKE,8,0.029193777025334766,0,terminal_result_after_preserved_terminal_refit
weak_strong,SNAKE,9,0.029004392127647938,0,terminal_result_after_preserved_terminal_refit
weak_strong,SNAKE,10,0.029004390108389622,0,terminal_result_after_preserved_terminal_refit
weak_strong,SNAKE,11,0.029004389882038462,0,terminal_result_after_preserved_terminal_refit
weak_strong,SNAKE,12,0.029004389657670826,0,terminal_result_after_preserved_terminal_refit
weak_strong,SNAKE,13,0.029004389576776424,0,terminal_result_after_preserved_terminal_refit
weak_strong,SNAKE,14,0.028979261494234576,0,terminal_result_after_preserved_terminal_refit
weak_strong,SNAKE,15,0.028785558366361874,0,terminal_result_after_preserved_terminal_refit
weak_strong,SNAKE,16,0.028594636435409493,0,terminal_result_after_preserved_terminal_refit
weak_strong,SNAKE,17,0.023881382878046642,0,terminal_result_after_preserved_terminal_refit
weak_strong,SNAKE,18,0.020134116230474897,0,terminal_result_after_preserved_terminal_refit
weak_strong,SNAKE,19,0.019806815962833513,0,terminal_result_after_preserved_terminal_refit
weak_strong,SNAKE,20,0.019653065636847877,0,terminal_result_after_preserved_terminal_refit
weak_strong,SNAKE,21,0.018752400691629978,0,terminal_result_after_preserved_terminal_refit
weak_strong,SNAKE,22,0.018037522111363113,0,terminal_result_after_preserved_terminal_refit
weak_strong,SNAKE,23,0.01779150942327834,0,terminal_result_after_preserved_terminal_refit
weak_strong,SNAKE,24,0.017631366032112572,0,terminal_result_after_preserved_terminal_refit
weak_strong,SNAKE,25,0.017603260892924633,0,terminal_result_after_preserved_terminal_refit
weak_strong,SNAKE,26,0.01753757456150562,0,terminal_result_after_preserved_terminal_refit
weak_strong,SNAKE,27,0.017468248513952345,0,terminal_result_after_preserved_terminal_refit
weak_strong,SNAKE,28,0.017365702390387705,0,terminal_result_after_preserved_terminal_refit
weak_strong,SNAKE,29,0.017287441325680497,0,terminal_result_after_preserved_terminal_refit
weak_strong,SNAKE,30,0.016857062222263464,0,terminal_result_after_preserved_terminal_refit
weak_strong,SNAKE,31,0.0020857128427345106,0,terminal_result_after_preserved_terminal_refit
weak_strong,SNAKE,32,0.00062180684865631441,0,terminal_result_after_preserved_terminal_refit
weak_strong,SNAKE,33,0.00058042390977153246,0,terminal_result_after_preserved_terminal_refit
weak_strong,SNAKE,34,0.00052290019808687305,0,terminal_result_after_preserved_terminal_refit
weak_strong,SNAKE,35,0.00046716935429014228,0,terminal_result_after_preserved_terminal_refit
weak_strong,SNAKE,36,0.00044530357077321447,0,terminal_result_after_preserved_terminal_refit
weak_strong,SNAKE,37,0.00044021945499239656,0,terminal_result_after_preserved_terminal_refit
weak_strong,SNAKE,38,0.00041678760431573814,0,terminal_result_after_preserved_terminal_refit
weak_strong,SNAKE,39,0.00041439142618560076,0,terminal_result_after_preserved_terminal_refit
weak_strong,SNAKE,40,0.00034068406030995924,0,terminal_result_after_preserved_terminal_refit
weak_strong,SNAKE,41,0.00026618511964593417,0,terminal_result_after_preserved_terminal_refit
weak_strong,SNAKE,42,0.00022562001331416504,0,terminal_result_after_preserved_terminal_refit
weak_strong,SNAKE,43,0.00012235233731305861,0,terminal_result_after_preserved_terminal_refit
weak_strong,SNAKE,44,2.6424045878714608e-05,0,terminal_result_after_preserved_terminal_refit
weak_strong,SNAKE,45,1.3234094474290359e-05,0,terminal_result_after_preserved_terminal_refit
weak_strong,SNAKE,46,7.5407908448621441e-06,0,terminal_result_after_preserved_terminal_refit
weak_strong,SNAKE,47,3.6820545197269183e-06,0,terminal_result_after_preserved_terminal_refit
weak_strong,SNAKE,48,3.1197969183605068e-06,0,terminal_result_after_preserved_terminal_refit
weak_strong,SNAKE,49,3.0517133582375067e-06,0,terminal_result_after_preserved_terminal_refit
weak_strong,SNAKE,50,3.0517031690546759e-06,1,terminal_result_after_preserved_terminal_refit
weak_strong,Geo-ADAPT,0,1.2557969818220309,0,retained_existing_plateau_marker
weak_strong,Geo-ADAPT,1,0.2635792003593489,0,retained_existing_plateau_marker
weak_strong,Geo-ADAPT,2,0.15802432368860719,0,retained_existing_plateau_marker
weak_strong,Geo-ADAPT,3,0.049942947642904523,0,retained_existing_plateau_marker
weak_strong,Geo-ADAPT,4,0.048054650166515556,0,retained_existing_plateau_marker
weak_strong,Geo-ADAPT,5,0.04616593734696206,0,retained_existing_plateau_marker
weak_strong,Geo-ADAPT,6,0.043786456043490407,0,retained_existing_plateau_marker
weak_strong,Geo-ADAPT,7,0.043646714159213396,0,retained_existing_plateau_marker
weak_strong,Geo-ADAPT,8,0.041393811768292377,1,retained_existing_plateau_marker
weak_strong,Geo-ADAPT,9,0.040822115860798425,0,retained_existing_plateau_marker
weak_strong,Geo-ADAPT,10,0.040574248740698371,0,retained_existing_plateau_marker
weak_strong,Geo-ADAPT,11,0.04035860940670366,0,retained_existing_plateau_marker
weak_strong,Geo-ADAPT,12,0.040344202548170838,0,retained_existing_plateau_marker
weak_strong,Geo-ADAPT,13,0.040333304446528828,0,retained_existing_plateau_marker
weak_strong,Geo-ADAPT,14,0.040073660769944119,0,retained_existing_plateau_marker
weak_strong,Geo-ADAPT,15,0.039952204070669683,0,retained_existing_plateau_marker
weak_strong,Geo-ADAPT,16,0.039931271465324825,0,retained_existing_plateau_marker
weak_strong,Geo-ADAPT,17,0.039844354629471113,0,retained_existing_plateau_marker
weak_strong,Geo-ADAPT,18,0.039794740673383178,0,retained_existing_plateau_marker
weak_strong,Geo-ADAPT,19,0.039763441875231287,0,retained_existing_plateau_marker
weak_strong,Geo-ADAPT,20,0.039715604954706496,0,retained_existing_plateau_marker
weak_strong,Geo-ADAPT,21,0.039686328507027469,0,retained_existing_plateau_marker
weak_strong,Geo-ADAPT,22,0.039673122474191524,0,retained_existing_plateau_marker
weak_strong,Geo-ADAPT,23,0.039672877560049447,0,retained_existing_plateau_marker
weak_strong,Geo-ADAPT,24,0.039647515984118087,0,retained_existing_plateau_marker
weak_strong,Geo-ADAPT,25,0.039647141564815858,0,retained_existing_plateau_marker
weak_strong,Geo-ADAPT,26,0.03964714061839425,0,retained_existing_plateau_marker
weak_strong,Geo-ADAPT,27,0.039633232097079807,0,retained_existing_plateau_marker
weak_strong,Geo-ADAPT,28,0.039624484349822353,0,retained_existing_plateau_marker
weak_strong,Geo-ADAPT,29,0.039624436176822542,0,retained_existing_plateau_marker
weak_strong,Geo-ADAPT,30,0.039624436176822542,0,retained_existing_plateau_marker
weak_strong,Append-ADAPT,0,1.2557969818220311,0,retained_existing_plateau_marker
weak_strong,Append-ADAPT,1,1.107514525113144,0,retained_existing_plateau_marker
weak_strong,Append-ADAPT,2,0.26357920035935245,0,retained_existing_plateau_marker
weak_strong,Append-ADAPT,3,0.1580243236886073,0,retained_existing_plateau_marker
weak_strong,Append-ADAPT,4,0.049942947642904523,0,retained_existing_plateau_marker
weak_strong,Append-ADAPT,5,0.048054650166513557,0,retained_existing_plateau_marker
weak_strong,Append-ADAPT,6,0.047176860829986511,0,retained_existing_plateau_marker
weak_strong,Append-ADAPT,7,0.046165937346966945,0,retained_existing_plateau_marker
weak_strong,Append-ADAPT,8,0.043764164207342082,0,retained_existing_plateau_marker
weak_strong,Append-ADAPT,9,0.043406439922932138,0,retained_existing_plateau_marker
weak_strong,Append-ADAPT,10,0.041386858305572982,0,retained_existing_plateau_marker
weak_strong,Append-ADAPT,11,0.04135005803445968,0,retained_existing_plateau_marker
weak_strong,Append-ADAPT,12,0.041344544110744508,0,retained_existing_plateau_marker
weak_strong,Append-ADAPT,13,0.040657959572897084,0,retained_existing_plateau_marker
weak_strong,Append-ADAPT,14,0.04062973432006145,0,retained_existing_plateau_marker
weak_strong,Append-ADAPT,15,0.040628223007846742,0,retained_existing_plateau_marker
weak_strong,Append-ADAPT,16,0.04031451250811191,0,retained_existing_plateau_marker
weak_strong,Append-ADAPT,17,0.040304148891752156,0,retained_existing_plateau_marker
weak_strong,Append-ADAPT,18,0.040298438999874842,0,retained_existing_plateau_marker
weak_strong,Append-ADAPT,19,0.037932916680788686,0,retained_existing_plateau_marker
weak_strong,Append-ADAPT,20,0.027352561509854656,0,retained_existing_plateau_marker
weak_strong,Append-ADAPT,21,0.026290779921484875,0,retained_existing_plateau_marker
weak_strong,Append-ADAPT,22,0.023007750483881706,0,retained_existing_plateau_marker
weak_strong,Append-ADAPT,23,0.019354949951648548,1,retained_existing_plateau_marker
weak_strong,Append-ADAPT,24,0.019302889815267399,0,retained_existing_plateau_marker
weak_strong,Append-ADAPT,25,0.018992238522728577,0,retained_existing_plateau_marker
weak_strong,Append-ADAPT,26,0.018895712854039459,0,retained_existing_plateau_marker
weak_strong,Append-ADAPT,27,0.018880359998437291,0,retained_existing_plateau_marker
weak_strong,Append-ADAPT,28,0.018858265832871313,0,retained_existing_plateau_marker
weak_strong,Append-ADAPT,29,0.018857259860106446,0,retained_existing_plateau_marker
weak_strong,Append-ADAPT,30,0.018857259860106446,0,retained_existing_plateau_marker
intermediate_strong,SNAKE,0,1.0696627633242664,0,terminal_result_after_preserved_terminal_refit
intermediate_strong,SNAKE,1,0.24891040483134225,0,terminal_result_after_preserved_terminal_refit
intermediate_strong,SNAKE,2,0.1977011990824975,0,terminal_result_after_preserved_terminal_refit
intermediate_strong,SNAKE,3,0.11044078935770185,0,terminal_result_after_preserved_terminal_refit
intermediate_strong,SNAKE,4,0.080981584878844548,0,terminal_result_after_preserved_terminal_refit
intermediate_strong,SNAKE,5,0.04751284555992441,0,terminal_result_after_preserved_terminal_refit
intermediate_strong,SNAKE,6,0.025652393715054567,0,terminal_result_after_preserved_terminal_refit
intermediate_strong,SNAKE,7,0.0202097083556666,0,terminal_result_after_preserved_terminal_refit
intermediate_strong,SNAKE,8,0.014500073849460837,0,terminal_result_after_preserved_terminal_refit
intermediate_strong,SNAKE,9,0.01444137728524364,0,terminal_result_after_preserved_terminal_refit
intermediate_strong,SNAKE,10,0.011426780975144268,0,terminal_result_after_preserved_terminal_refit
intermediate_strong,SNAKE,11,0.0087031338188031659,0,terminal_result_after_preserved_terminal_refit
intermediate_strong,SNAKE,12,0.0085379344238728505,0,terminal_result_after_preserved_terminal_refit
intermediate_strong,SNAKE,13,0.0084496862924690053,0,terminal_result_after_preserved_terminal_refit
intermediate_strong,SNAKE,14,0.0083761115807087227,0,terminal_result_after_preserved_terminal_refit
intermediate_strong,SNAKE,15,0.0083713837323494689,0,terminal_result_after_preserved_terminal_refit
intermediate_strong,SNAKE,16,0.0079782292002635868,0,terminal_result_after_preserved_terminal_refit
intermediate_strong,SNAKE,17,0.0078327651080258853,0,terminal_result_after_preserved_terminal_refit
intermediate_strong,SNAKE,18,0.0077931225856556763,0,terminal_result_after_preserved_terminal_refit
intermediate_strong,SNAKE,19,0.0077375511204085257,0,terminal_result_after_preserved_terminal_refit
intermediate_strong,SNAKE,20,0.007611495291709347,0,terminal_result_after_preserved_terminal_refit
intermediate_strong,SNAKE,21,0.0076089124144634868,0,terminal_result_after_preserved_terminal_refit
intermediate_strong,SNAKE,22,0.0043241412638367338,0,terminal_result_after_preserved_terminal_refit
intermediate_strong,SNAKE,23,0.0038240140210540341,0,terminal_result_after_preserved_terminal_refit
intermediate_strong,SNAKE,24,0.00057951558697022509,0,terminal_result_after_preserved_terminal_refit
intermediate_strong,SNAKE,25,0.00051911638263812954,0,terminal_result_after_preserved_terminal_refit
intermediate_strong,SNAKE,26,0.00036937877423603993,0,terminal_result_after_preserved_terminal_refit
intermediate_strong,SNAKE,27,0.00035383033474456482,0,terminal_result_after_preserved_terminal_refit
intermediate_strong,SNAKE,28,0.00031227072110684428,0,terminal_result_after_preserved_terminal_refit
intermediate_strong,SNAKE,29,0.00028924834651034015,0,terminal_result_after_preserved_terminal_refit
intermediate_strong,SNAKE,30,0.00025772837685555938,0,terminal_result_after_preserved_terminal_refit
intermediate_strong,SNAKE,31,0.0002138993614184681,0,terminal_result_after_preserved_terminal_refit
intermediate_strong,SNAKE,32,0.00016012630704931308,0,terminal_result_after_preserved_terminal_refit
intermediate_strong,SNAKE,33,0.00015715893031786887,0,terminal_result_after_preserved_terminal_refit
intermediate_strong,SNAKE,34,0.00015507344668086454,0,terminal_result_after_preserved_terminal_refit
intermediate_strong,SNAKE,35,0.00015505073858246288,0,terminal_result_after_preserved_terminal_refit
intermediate_strong,SNAKE,36,0.0001550505997344187,0,terminal_result_after_preserved_terminal_refit
intermediate_strong,SNAKE,37,0.00015504273349631337,0,terminal_result_after_preserved_terminal_refit
intermediate_strong,SNAKE,38,0.00015323532303124221,0,terminal_result_after_preserved_terminal_refit
intermediate_strong,SNAKE,39,0.0001428529391404032,0,terminal_result_after_preserved_terminal_refit
intermediate_strong,SNAKE,40,0.00014131915368709169,0,terminal_result_after_preserved_terminal_refit
intermediate_strong,SNAKE,41,0.00013287777687620572,0,terminal_result_after_preserved_terminal_refit
intermediate_strong,SNAKE,42,0.00013241399105756724,0,terminal_result_after_preserved_terminal_refit
intermediate_strong,SNAKE,43,0.00013230330648095201,0,terminal_result_after_preserved_terminal_refit
intermediate_strong,SNAKE,44,0.00013218723505548091,0,terminal_result_after_preserved_terminal_refit
intermediate_strong,SNAKE,45,0.00012657335121224467,0,terminal_result_after_preserved_terminal_refit
intermediate_strong,SNAKE,46,7.5825890094805004e-05,0,terminal_result_after_preserved_terminal_refit
intermediate_strong,SNAKE,47,7.1099798451546015e-05,0,terminal_result_after_preserved_terminal_refit
intermediate_strong,SNAKE,48,4.7549858109063869e-05,0,terminal_result_after_preserved_terminal_refit
intermediate_strong,SNAKE,49,4.7339013641956029e-05,0,terminal_result_after_preserved_terminal_refit
intermediate_strong,SNAKE,50,4.7338917443573436e-05,1,terminal_result_after_preserved_terminal_refit
intermediate_strong,Geo-ADAPT,0,1.0696627633243154,0,retained_existing_plateau_marker
intermediate_strong,Geo-ADAPT,1,0.2489104048313906,0,retained_existing_plateau_marker
intermediate_strong,Geo-ADAPT,2,0.14335552816064911,0,retained_existing_plateau_marker
intermediate_strong,Geo-ADAPT,3,0.035274152114947332,0,retained_existing_plateau_marker
intermediate_strong,Geo-ADAPT,4,0.033385854638556367,0,retained_existing_plateau_marker
intermediate_strong,Geo-ADAPT,5,0.031497141819008867,0,retained_existing_plateau_marker
intermediate_strong,Geo-ADAPT,6,0.029117660515533883,0,retained_existing_plateau_marker
intermediate_strong,Geo-ADAPT,7,0.028977918631026611,0,retained_existing_plateau_marker
intermediate_strong,Geo-ADAPT,8,0.026725016240164545,1,retained_existing_plateau_marker
intermediate_strong,Geo-ADAPT,9,0.026153320332841901,0,retained_existing_plateau_marker
intermediate_strong,Geo-ADAPT,10,0.025905453212645035,0,retained_existing_plateau_marker
intermediate_strong,Geo-ADAPT,11,0.025493016005384117,0,retained_existing_plateau_marker
intermediate_strong,Geo-ADAPT,12,0.025482405709815859,0,retained_existing_plateau_marker
intermediate_strong,Geo-ADAPT,13,0.025328599193248813,0,retained_existing_plateau_marker
intermediate_strong,Geo-ADAPT,14,0.02524312637030679,0,retained_existing_plateau_marker
intermediate_strong,Geo-ADAPT,15,0.025188370730205967,0,retained_existing_plateau_marker
intermediate_strong,Geo-ADAPT,16,0.025175025073475021,0,retained_existing_plateau_marker
intermediate_strong,Geo-ADAPT,17,0.025121284499552754,0,retained_existing_plateau_marker
intermediate_strong,Geo-ADAPT,18,0.025091319343081842,0,retained_existing_plateau_marker
intermediate_strong,Geo-ADAPT,19,0.025091314287090771,0,retained_existing_plateau_marker
intermediate_strong,Geo-ADAPT,20,0.025087645500962541,0,retained_existing_plateau_marker
intermediate_strong,Geo-ADAPT,21,0.025086744563760588,0,retained_existing_plateau_marker
intermediate_strong,Geo-ADAPT,22,0.025086720733450418,0,retained_existing_plateau_marker
intermediate_strong,Geo-ADAPT,23,0.02508636385107188,0,retained_existing_plateau_marker
intermediate_strong,Geo-ADAPT,24,0.025086354818327883,0,retained_existing_plateau_marker
intermediate_strong,Geo-ADAPT,25,0.025086180782021295,0,retained_existing_plateau_marker
intermediate_strong,Geo-ADAPT,26,0.025086180781441647,0,retained_existing_plateau_marker
intermediate_strong,Geo-ADAPT,27,0.025086081699064788,0,retained_existing_plateau_marker
intermediate_strong,Geo-ADAPT,28,0.025086081398686289,0,retained_existing_plateau_marker
intermediate_strong,Geo-ADAPT,29,0.025086020271230192,0,retained_existing_plateau_marker
intermediate_strong,Geo-ADAPT,30,0.025086020271230192,0,retained_existing_plateau_marker
intermediate_strong,Append-ADAPT,0,1.069662763324315,0,retained_existing_plateau_marker
intermediate_strong,Append-ADAPT,1,0.24891040483139076,0,retained_existing_plateau_marker
intermediate_strong,Append-ADAPT,2,0.14335552816064934,0,retained_existing_plateau_marker
intermediate_strong,Append-ADAPT,3,0.035274152114947777,0,retained_existing_plateau_marker
intermediate_strong,Append-ADAPT,4,0.033385854638556367,0,retained_existing_plateau_marker
intermediate_strong,Append-ADAPT,5,0.032494239658030333,0,retained_existing_plateau_marker
intermediate_strong,Append-ADAPT,6,0.031497141819123664,0,retained_existing_plateau_marker
intermediate_strong,Append-ADAPT,7,0.028364847552678207,0,retained_existing_plateau_marker
intermediate_strong,Append-ADAPT,8,0.028315968522911628,0,retained_existing_plateau_marker
intermediate_strong,Append-ADAPT,9,0.026719247171018479,0,retained_existing_plateau_marker
intermediate_strong,Append-ADAPT,10,0.026684706183192408,0,retained_existing_plateau_marker
intermediate_strong,Append-ADAPT,11,0.026677828058053854,0,retained_existing_plateau_marker
intermediate_strong,Append-ADAPT,12,0.026666658970336377,0,retained_existing_plateau_marker
intermediate_strong,Append-ADAPT,13,0.025845385955909572,0,retained_existing_plateau_marker
intermediate_strong,Append-ADAPT,14,0.025762040648161566,0,retained_existing_plateau_marker
intermediate_strong,Append-ADAPT,15,0.025648219008536088,0,retained_existing_plateau_marker
intermediate_strong,Append-ADAPT,16,0.025312055180670479,0,retained_existing_plateau_marker
intermediate_strong,Append-ADAPT,17,0.024821961284031469,0,retained_existing_plateau_marker
intermediate_strong,Append-ADAPT,18,0.024740554154393246,0,retained_existing_plateau_marker
intermediate_strong,Append-ADAPT,19,0.024388858506806388,0,retained_existing_plateau_marker
intermediate_strong,Append-ADAPT,20,0.024381146680737764,0,retained_existing_plateau_marker
intermediate_strong,Append-ADAPT,21,0.024375409927323233,0,retained_existing_plateau_marker
intermediate_strong,Append-ADAPT,22,0.023656318779916585,0,retained_existing_plateau_marker
intermediate_strong,Append-ADAPT,23,0.023589109157506449,0,retained_existing_plateau_marker
intermediate_strong,Append-ADAPT,24,0.0092958315782610823,0,retained_existing_plateau_marker
intermediate_strong,Append-ADAPT,25,0.0081503009780244939,1,retained_existing_plateau_marker
intermediate_strong,Append-ADAPT,26,0.0080623258827592359,0,retained_existing_plateau_marker
intermediate_strong,Append-ADAPT,27,0.0080504102392082721,0,retained_existing_plateau_marker
intermediate_strong,Append-ADAPT,28,0.0080395128502723789,0,retained_existing_plateau_marker
intermediate_strong,Append-ADAPT,29,0.0079390421866507577,0,retained_existing_plateau_marker
intermediate_strong,Append-ADAPT,30,0.0079390421866507577,0,retained_existing_plateau_marker
strong_strong,SNAKE,0,0.35631809667162817,0,user_selected_last_plateau_history_checkpoint
strong_strong,SNAKE,1,0.22942372228931218,0,user_selected_last_plateau_history_checkpoint
strong_strong,SNAKE,2,0.0072877672900125701,0,user_selected_last_plateau_history_checkpoint
strong_strong,SNAKE,3,0.0063635485228078492,0,user_selected_last_plateau_history_checkpoint
strong_strong,SNAKE,4,0.0037815688101482392,0,user_selected_last_plateau_history_checkpoint
strong_strong,SNAKE,5,0.0028211658428226594,0,user_selected_last_plateau_history_checkpoint
strong_strong,SNAKE,6,0.00015514943868211173,0,user_selected_last_plateau_history_checkpoint
strong_strong,SNAKE,7,0.00014172793087585678,0,user_selected_last_plateau_history_checkpoint
strong_strong,SNAKE,8,0.00012829966259608749,0,user_selected_last_plateau_history_checkpoint
strong_strong,SNAKE,9,0.00012824204559402919,0,user_selected_last_plateau_history_checkpoint
strong_strong,SNAKE,10,8.4660742088682461e-05,0,user_selected_last_plateau_history_checkpoint
strong_strong,SNAKE,11,4.2126771167105836e-05,0,user_selected_last_plateau_history_checkpoint
strong_strong,SNAKE,12,4.1429747355992141e-05,0,user_selected_last_plateau_history_checkpoint
strong_strong,SNAKE,13,4.1229209642557052e-05,0,user_selected_last_plateau_history_checkpoint
strong_strong,SNAKE,14,4.0541296686735784e-05,0,user_selected_last_plateau_history_checkpoint
strong_strong,SNAKE,15,3.9573010948035225e-05,0,user_selected_last_plateau_history_checkpoint
strong_strong,SNAKE,16,3.9551909307378175e-05,0,user_selected_last_plateau_history_checkpoint
strong_strong,SNAKE,17,3.9530827457334716e-05,0,user_selected_last_plateau_history_checkpoint
strong_strong,SNAKE,18,1.7598297899268367e-05,0,user_selected_last_plateau_history_checkpoint
strong_strong,SNAKE,19,1.6668803191621784e-05,0,user_selected_last_plateau_history_checkpoint
strong_strong,SNAKE,20,1.665775147641213e-05,0,user_selected_last_plateau_history_checkpoint
strong_strong,SNAKE,21,1.6489045529088919e-05,0,user_selected_last_plateau_history_checkpoint
strong_strong,SNAKE,22,1.556400624591614e-05,0,user_selected_last_plateau_history_checkpoint
strong_strong,SNAKE,23,1.5408805532302061e-05,0,user_selected_last_plateau_history_checkpoint
strong_strong,SNAKE,24,1.539267090056029e-05,0,user_selected_last_plateau_history_checkpoint
strong_strong,SNAKE,25,1.5392096223032503e-05,0,user_selected_last_plateau_history_checkpoint
strong_strong,SNAKE,26,1.5391953284038529e-05,0,user_selected_last_plateau_history_checkpoint
strong_strong,SNAKE,27,1.5061974427132974e-05,0,user_selected_last_plateau_history_checkpoint
strong_strong,SNAKE,28,1.5061958865580927e-05,0,user_selected_last_plateau_history_checkpoint
strong_strong,SNAKE,29,7.6099399609619311e-06,0,user_selected_last_plateau_history_checkpoint
strong_strong,SNAKE,30,8.524946296661895e-07,0,user_selected_last_plateau_history_checkpoint
strong_strong,SNAKE,31,5.0331952972104688e-07,0,user_selected_last_plateau_history_checkpoint
strong_strong,SNAKE,32,3.4589855801847591e-07,0,user_selected_last_plateau_history_checkpoint
strong_strong,SNAKE,33,3.2083758372269955e-07,1,user_selected_last_plateau_history_checkpoint
strong_strong,SNAKE,34,3.2038047947935411e-07,0,user_selected_last_plateau_history_checkpoint
strong_strong,SNAKE,35,3.2025040741512356e-07,0,user_selected_last_plateau_history_checkpoint
strong_strong,SNAKE,36,3.2021837681472931e-07,0,user_selected_last_plateau_history_checkpoint
strong_strong,SNAKE,37,3.2021203966170475e-07,0,user_selected_last_plateau_history_checkpoint
strong_strong,SNAKE,38,3.202100130605956e-07,0,user_selected_last_plateau_history_checkpoint
strong_strong,SNAKE,39,3.2020919571440487e-07,0,user_selected_last_plateau_history_checkpoint
strong_strong,SNAKE,40,3.2020879470184838e-07,0,user_selected_last_plateau_history_checkpoint
strong_strong,SNAKE,41,3.2020855322834052e-07,0,user_selected_last_plateau_history_checkpoint
strong_strong,SNAKE,42,3.2020855322834052e-07,0,user_selected_last_plateau_history_checkpoint
strong_strong,SNAKE,43,3.1988988269393559e-07,0,user_selected_last_plateau_history_checkpoint
strong_strong,SNAKE,44,3.1953899870540425e-07,0,user_selected_last_plateau_history_checkpoint
strong_strong,SNAKE,45,3.1928111854373498e-07,0,user_selected_last_plateau_history_checkpoint
strong_strong,SNAKE,46,3.1441312697833013e-07,0,user_selected_last_plateau_history_checkpoint
strong_strong,SNAKE,47,3.1429630487078697e-07,0,user_selected_last_plateau_history_checkpoint
strong_strong,SNAKE,48,3.1419209522987046e-07,0,user_selected_last_plateau_history_checkpoint
strong_strong,SNAKE,49,3.1411353440535805e-07,0,user_selected_last_plateau_history_checkpoint
strong_strong,SNAKE,50,3.141076122537001e-07,0,user_selected_last_plateau_history_checkpoint
strong_strong,Geo-ADAPT,0,0.3563180966716315,0,retained_existing_plateau_marker
strong_strong,Geo-ADAPT,1,0.22942372228929175,0,retained_existing_plateau_marker
strong_strong,Geo-ADAPT,2,0.22720322389487435,0,retained_existing_plateau_marker
strong_strong,Geo-ADAPT,3,0.22488840578295755,0,retained_existing_plateau_marker
strong_strong,Geo-ADAPT,4,5.8834812233232725e-05,0,retained_existing_plateau_marker
strong_strong,Geo-ADAPT,5,4.982206763848307e-05,0,retained_existing_plateau_marker
strong_strong,Geo-ADAPT,6,4.0806738849652469e-05,1,retained_existing_plateau_marker
strong_strong,Geo-ADAPT,7,4.0401558231706325e-05,0,retained_existing_plateau_marker
strong_strong,Geo-ADAPT,8,4.0053729513322978e-05,0,retained_existing_plateau_marker
strong_strong,Geo-ADAPT,9,3.999290506595532e-05,0,retained_existing_plateau_marker
strong_strong,Geo-ADAPT,10,3.9992299638691442e-05,0,retained_existing_plateau_marker
strong_strong,Geo-ADAPT,11,3.9637959567184744e-05,0,retained_existing_plateau_marker
strong_strong,Geo-ADAPT,12,3.9613017277395635e-05,0,retained_existing_plateau_marker
strong_strong,Geo-ADAPT,13,3.9613017090656122e-05,0,retained_existing_plateau_marker
strong_strong,Geo-ADAPT,14,3.9613016876383078e-05,0,retained_existing_plateau_marker
strong_strong,Geo-ADAPT,15,3.9612150828038928e-05,0,retained_existing_plateau_marker
strong_strong,Geo-ADAPT,16,3.961169304622647e-05,0,retained_existing_plateau_marker
strong_strong,Geo-ADAPT,17,3.9611692843832813e-05,0,retained_existing_plateau_marker
strong_strong,Geo-ADAPT,18,3.9611692647212315e-05,0,retained_existing_plateau_marker
strong_strong,Geo-ADAPT,19,3.9611692440044699e-05,0,retained_existing_plateau_marker
strong_strong,Geo-ADAPT,20,3.961169224286909e-05,0,retained_existing_plateau_marker
strong_strong,Geo-ADAPT,21,3.9611692039809299e-05,0,retained_existing_plateau_marker
strong_strong,Geo-ADAPT,22,3.9611691853069786e-05,0,retained_existing_plateau_marker
strong_strong,Geo-ADAPT,23,3.961169166954992e-05,0,retained_existing_plateau_marker
strong_strong,Geo-ADAPT,24,3.9611691487473344e-05,0,retained_existing_plateau_marker
strong_strong,Geo-ADAPT,25,3.9611691314944686e-05,0,retained_existing_plateau_marker
strong_strong,Geo-ADAPT,26,3.9611691137086957e-05,0,retained_existing_plateau_marker
strong_strong,Geo-ADAPT,27,3.9611690954788337e-05,0,retained_existing_plateau_marker
strong_strong,Geo-ADAPT,28,3.9611690781149456e-05,0,retained_existing_plateau_marker
strong_strong,Geo-ADAPT,29,3.9611690593077675e-05,0,retained_existing_plateau_marker
strong_strong,Geo-ADAPT,30,3.9611690593077675e-05,0,retained_existing_plateau_marker
strong_strong,Append-ADAPT,0,0.35631809667163117,0,retained_existing_plateau_marker
strong_strong,Append-ADAPT,1,0.32005427954994026,0,retained_existing_plateau_marker
strong_strong,Append-ADAPT,2,0.22942372228929131,0,retained_existing_plateau_marker
strong_strong,Append-ADAPT,3,0.0072877672897120327,0,retained_existing_plateau_marker
strong_strong,Append-ADAPT,4,0.0037361765618409981,0,retained_existing_plateau_marker
strong_strong,Append-ADAPT,5,5.6226459684505237e-05,0,retained_existing_plateau_marker
strong_strong,Append-ADAPT,6,5.4196454499444435e-05,0,retained_existing_plateau_marker
strong_strong,Append-ADAPT,7,4.5176229062859896e-05,0,retained_existing_plateau_marker
strong_strong,Append-ADAPT,8,3.6157924398927399e-05,1,retained_existing_plateau_marker
strong_strong,Append-ADAPT,9,3.5913083628380527e-05,0,retained_existing_plateau_marker
strong_strong,Append-ADAPT,10,3.2336373411268049e-05,0,retained_existing_plateau_marker
strong_strong,Append-ADAPT,11,3.0902412463396089e-05,0,retained_existing_plateau_marker
strong_strong,Append-ADAPT,12,3.0899976673381957e-05,0,retained_existing_plateau_marker
strong_strong,Append-ADAPT,13,2.7292536830203495e-05,0,retained_existing_plateau_marker
strong_strong,Append-ADAPT,14,2.7286921989166935e-05,0,retained_existing_plateau_marker
strong_strong,Append-ADAPT,15,2.7275069784837846e-05,0,retained_existing_plateau_marker
strong_strong,Append-ADAPT,16,2.7268875835928519e-05,0,retained_existing_plateau_marker
strong_strong,Append-ADAPT,17,2.6902917871773901e-05,0,retained_existing_plateau_marker
strong_strong,Append-ADAPT,18,2.6688434076382883e-05,0,retained_existing_plateau_marker
strong_strong,Append-ADAPT,19,2.578577145717631e-05,0,retained_existing_plateau_marker
strong_strong,Append-ADAPT,20,2.5774184875815287e-05,0,retained_existing_plateau_marker
strong_strong,Append-ADAPT,21,2.3717063057371313e-05,0,retained_existing_plateau_marker
strong_strong,Append-ADAPT,22,2.3219954605968596e-05,0,retained_existing_plateau_marker
strong_strong,Append-ADAPT,23,2.3161304127383708e-05,0,retained_existing_plateau_marker
strong_strong,Append-ADAPT,24,2.3152139709492481e-05,0,retained_existing_plateau_marker
strong_strong,Append-ADAPT,25,2.3117123990834543e-05,0,retained_existing_plateau_marker
strong_strong,Append-ADAPT,26,2.3092040449923523e-05,0,retained_existing_plateau_marker
strong_strong,Append-ADAPT,27,2.2729705120183574e-05,0,retained_existing_plateau_marker
strong_strong,Append-ADAPT,28,2.2468701207145614e-05,0,retained_existing_plateau_marker
strong_strong,Append-ADAPT,29,2.2421569721653434e-05,0,retained_existing_plateau_marker
strong_strong,Append-ADAPT,30,2.2421569721653434e-05,0,retained_existing_plateau_marker
