role_key,role_display,role_description,matrix_label,regime,method,optimizer,status,plotted,missing_reason,selection_policy,selection_status,selected_prefix_k,record_id,input_report_json,input_report_json_sha256,iteration,depth,abs_delta_e,fidelity,fidelity_status,fidelity_source,fidelity_status_detail,N2q,D2q,Dc,cost_source,cost_status,S_grad,S_refit,S_outer,S_H,S_metric,S_alg,s_work_status,s_work_source,s_work_status_detail,trajectory_points_json,source_json,source_sha256,source_dir,note
snake_native_a1,SNAKE,native SNAKE with Phase-III hard-guard singleton replacement,A_native_staged_singleton_hard_guard,weak-weak,snake,POWELL,done,true,,manual_snake_selected_prefix_by_regime,ok,10,paper_i_hh_fullmeta_singleton_symmetry_20260630_schedfix_powell__weak_weak__snake__A_native_staged_singleton_hard_guard__native_forced__powell200__depth30_noearlystop__fullmeta_singleton_symmetry,output/pdf/paper_i_hh_fullmeta_singleton_symmetry_chtc_current_20260630/paper_i_hh_fullmeta_singleton_symmetry_chtc_current_20260630_powell.json,dac548a960b73b70683233dc2020de61ce1d6b259057a7bdd9bbcf0552659a59,10,10,0.0003968023977350965,,blocked_selected_prefix_state_not_serialized,not_computed,selected-prefix optimized state/theta is not serialized in the source artifact,34,28,148,qiskit_selected_snake_history_prefix_compile,ok,9898.0,9074.0,2177.0,11251.0,1246.0,6531.0,ok,snake_algorithmic_work_from_payload(scope=display_prefix),"{""audit_status"": ""ok"", ""history_position"": 10}","[[0.0,1.0355709009619214],[1.0,0.04335311949931886],[2.0,0.0329723727999357],[3.0,0.022543954537812105],[4.0,0.012419000245443068],[5.0,0.002249618757104277],[6.0,0.0014062374921322007],[7.0,0.0010155166413994277],[8.0,0.0006390359269385915],[9.0,0.0005306791661150445],[10.0,0.0003968023977350965],[11.0,0.0003819486223157753],[12.0,0.00037701319678662415],[13.0,0.00037400336178095017],[14.0,0.0003711088537082796],[15.0,0.0003710059266817112],[16.0,0.0003709682915415957],[17.0,0.0003709682003782966],[18.0,0.0003709680849708352],[19.0,0.0003709679697253554],[20.0,0.0003709678550106732],[21.0,0.00037096774029321544],[22.0,0.0003709676256793415],[23.0,0.00037096751133536277],[24.0,0.00037096739714681526],[25.0,0.00037096728317886907],[26.0,0.0003709671694309691],[27.0,0.00037096705588401946],[28.0,0.00037096694254179496],[29.0,0.0003709668294018531],[30.0,0.0003709666845594928]]",output/chtc_retrievals/paper_i_hh_fullmeta_singleton_symmetry_20260630_current_fetch/raw_outputs/paper_i_hh_fullmeta_singleton_symmetry_20260630_schedfix_powell/paper_i_hh_fullmeta_singleton_symmetry_20260630_schedfix_powell__weak_weak__snake__A_native_staged_singleton_hard_guard__native_forced__powell200__depth30_noearlystop__fullmeta_singleton_symmetry/json/result.json,cdaa1e4f35030721c4f149a9f6c5ed73c8bf991aca293a09e6413fd718f653bd,output/chtc_retrievals/paper_i_hh_fullmeta_singleton_symmetry_20260630_current_fetch/raw_outputs/paper_i_hh_fullmeta_singleton_symmetry_20260630_schedfix_powell/paper_i_hh_fullmeta_singleton_symmetry_20260630_schedfix_powell__weak_weak__snake__A_native_staged_singleton_hard_guard__native_forced__powell200__depth30_noearlystop__fullmeta_singleton_symmetry,selected_prefix_k=10; policy=manual_snake_selected_prefix_by_regime; source=output/chtc_retrievals/paper_i_hh_fullmeta_singleton_symmetry_20260630_current_fetch/raw_outputs/paper_i_hh_fullmeta_singleton_symmetry_20260630_schedfix_powell/paper_i_hh_fullmeta_singleton_symmetry_20260630_schedfix_powell__weak_weak__snake__A_native_staged_singleton_hard_guard__native_forced__powell200__depth30_noearlystop__fullmeta_singleton_symmetry/json/result.json
geo_macro_c,Geo macro,Geo-ADAPT with macro-generator-only pool,C_macro_only,weak-weak,geo,POWELL,done,true,,first_plateau_rel_tol,ok,5,paper_i_hh_fullmeta_singleton_symmetry_20260630_schedfix_powell__weak_weak__geo__C_macro_only__native_forced__powell200__depth30_noearlystop__fullmeta_singleton_symmetry,output/pdf/paper_i_hh_fullmeta_singleton_symmetry_chtc_current_20260630/paper_i_hh_fullmeta_singleton_symmetry_chtc_current_20260630_powell.json,dac548a960b73b70683233dc2020de61ce1d6b259057a7bdd9bbcf0552659a59,5,5,0.0013117770378563431,,blocked_selected_prefix_state_not_serialized,not_computed,selected-prefix optimized state/theta is not serialized in the source artifact,98,67,480,qiskit_selected_generic_prefix_compile,ok,2881.0,19039.0,0.0,19039.0,139777.0,24859.0,ok,generic_result_adapt_history_prefix_components,"{""components"": {""N_H_refit_eval"": 1001.0, ""N_grad_probe"": 481.0, ""N_metric_probe"": 23377.0, ""N_other_quantum"": 0.0, ""history_len"": 30}, ""reference_state_status"": ""ok""}","[[0.0,1.0355709009619218],[1.0,0.043353119499240256],[2.0,0.022473623249678498],[3.0,0.0014957332582063998],[4.0,0.0013117770378563431],[5.0,0.001127815214085226],[6.0,0.001127815126511278],[7.0,0.0011276027892804796],[8.0,0.0011275964298044228],[9.0,0.0011275964285104578],[10.0,0.0011275964284775952],[11.0,0.001127596428446509],[12.0,0.0011275964284152007],[13.0,0.0011275964283897766],[14.0,0.0011275964283586903],[15.0,0.0011275964283337103],[16.0,0.0011275964283049555],[17.0,0.0011275964282764228],[18.0,0.0011275964282446704],[19.0,0.0011275964282120299],[20.0,0.0011275964281843853],[21.0,0.0011275964281560746],[22.0,0.001127596428128208],[23.0,0.001127596428097677],[24.0,0.001127596428068145],[25.0,0.0011275964280412776],[26.0,0.0011275964280099693],[27.0,0.001127596427978328],[28.0,0.0011275964279482409],[29.0,0.001127596427919375],[30.0,0.001127596427919375]]",output/chtc_retrievals/paper_i_hh_fullmeta_singleton_symmetry_20260630_current_fetch/raw_outputs/paper_i_hh_fullmeta_singleton_symmetry_20260630_schedfix_powell/paper_i_hh_fullmeta_singleton_symmetry_20260630_schedfix_powell__weak_weak__geo__C_macro_only__native_forced__powell200__depth30_noearlystop__fullmeta_singleton_symmetry/result/generic_static_single.json,3db70cc75f545fa6439fe23d3ef45114bdf92adc9d596c5e606d6436780c5f45,output/chtc_retrievals/paper_i_hh_fullmeta_singleton_symmetry_20260630_current_fetch/raw_outputs/paper_i_hh_fullmeta_singleton_symmetry_20260630_schedfix_powell/paper_i_hh_fullmeta_singleton_symmetry_20260630_schedfix_powell__weak_weak__geo__C_macro_only__native_forced__powell200__depth30_noearlystop__fullmeta_singleton_symmetry,selected_prefix_k=5; policy=first_plateau_rel_tol; source=output/chtc_retrievals/paper_i_hh_fullmeta_singleton_symmetry_20260630_current_fetch/raw_outputs/paper_i_hh_fullmeta_singleton_symmetry_20260630_schedfix_powell/paper_i_hh_fullmeta_singleton_symmetry_20260630_schedfix_powell__weak_weak__geo__C_macro_only__native_forced__powell200__depth30_noearlystop__fullmeta_singleton_symmetry/result/generic_static_single.json
geo_singleton_b1,Geo singleton,Geo-ADAPT with common Phase-0 hard-guard singleton pool,B_common_phase0_singleton_hard_guard,weak-weak,geo,POWELL,done,true,,first_plateau_rel_tol,ok,5,paper_i_hh_fullmeta_singleton_symmetry_20260630_schedfix_powell__weak_weak__geo__B_common_phase0_singleton_hard_guard__native_forced__powell200__depth30_noearlystop__fullmeta_singleton_symmetry,output/pdf/paper_i_hh_fullmeta_singleton_symmetry_chtc_current_20260630/paper_i_hh_fullmeta_singleton_symmetry_chtc_current_20260630_powell.json,dac548a960b73b70683233dc2020de61ce1d6b259057a7bdd9bbcf0552659a59,5,5,0.001311777037855788,,blocked_selected_prefix_state_not_serialized,not_computed,selected-prefix optimized state/theta is not serialized in the source artifact,98,70,539,qiskit_selected_generic_prefix_compile,ok,12901.0,13956.0,0.0,13956.0,2780381.0,466828.0,ok,generic_result_adapt_history_prefix_components,"{""components"": {""N_H_refit_eval"": 921.0, ""N_grad_probe"": 2151.0, ""N_metric_probe"": 463756.0, ""N_other_quantum"": 0.0, ""history_len"": 30}, ""reference_state_status"": ""ok""}","[[0.0,1.0355709009619218],[1.0,0.043353119499240034],[2.0,0.022473623249678054],[3.0,0.0014957332582067329],[4.0,0.001311777037855788],[5.0,0.0011278152140858921],[6.0,0.0011275990067599606],[7.0,0.0011275990067599606],[8.0,0.0011275990067599606],[9.0,0.0011275990067599606],[10.0,0.0011275990067599606],[11.0,0.0011275990067599606],[12.0,0.0011275990067599606],[13.0,0.0011275990067599606],[14.0,0.0011275990067599606],[15.0,0.0011275990067599606],[16.0,0.0011275990067599606],[17.0,0.0011275990067599606],[18.0,0.0011275990067599606],[19.0,0.0011275990067599606],[20.0,0.0011275990067599606],[21.0,0.0011275990067599606],[22.0,0.0011275990067599606],[23.0,0.0011275990067599606],[24.0,0.0011275990067599606],[25.0,0.0011275990067599606],[26.0,0.0011275990067599606],[27.0,0.0011275990067599606],[28.0,0.0011275990067599606],[29.0,0.0011275990067599606],[30.0,0.0011275990067599606]]",output/chtc_retrievals/paper_i_hh_fullmeta_singleton_symmetry_20260630_current_fetch/raw_outputs/paper_i_hh_fullmeta_singleton_symmetry_20260630_schedfix_powell/paper_i_hh_fullmeta_singleton_symmetry_20260630_schedfix_powell__weak_weak__geo__B_common_phase0_singleton_hard_guard__native_forced__powell200__depth30_noearlystop__fullmeta_singleton_symmetry/result/generic_static_single.json,ba264ec851447becd55d6f2c13f2ed236c33242f45cc51ae6cff6b97800e015a,output/chtc_retrievals/paper_i_hh_fullmeta_singleton_symmetry_20260630_current_fetch/raw_outputs/paper_i_hh_fullmeta_singleton_symmetry_20260630_schedfix_powell/paper_i_hh_fullmeta_singleton_symmetry_20260630_schedfix_powell__weak_weak__geo__B_common_phase0_singleton_hard_guard__native_forced__powell200__depth30_noearlystop__fullmeta_singleton_symmetry,selected_prefix_k=5; policy=first_plateau_rel_tol; source=output/chtc_retrievals/paper_i_hh_fullmeta_singleton_symmetry_20260630_current_fetch/raw_outputs/paper_i_hh_fullmeta_singleton_symmetry_20260630_schedfix_powell/paper_i_hh_fullmeta_singleton_symmetry_20260630_schedfix_powell__weak_weak__geo__B_common_phase0_singleton_hard_guard__native_forced__powell200__depth30_noearlystop__fullmeta_singleton_symmetry/result/generic_static_single.json
append_macro_c,Append macro,append-only ADAPT with macro-generator-only pool,C_macro_only,weak-weak,append,POWELL,done,true,,first_plateau_rel_tol,ok,23,paper_i_hh_fullmeta_singleton_symmetry_20260630_schedfix_powell__weak_weak__append__C_macro_only__native_forced__powell200__depth30_noearlystop__fullmeta_singleton_symmetry,output/pdf/paper_i_hh_fullmeta_singleton_symmetry_chtc_current_20260630/paper_i_hh_fullmeta_singleton_symmetry_chtc_current_20260630_powell.json,dac548a960b73b70683233dc2020de61ce1d6b259057a7bdd9bbcf0552659a59,23,23,0.0009192819178269751,,blocked_selected_prefix_state_not_serialized,not_computed,selected-prefix optimized state/theta is not serialized in the source artifact,4216,4033,15936,qiskit_selected_generic_prefix_compile,ok,2475.0,237356.0,0.0,237356.0,0.0,108633.0,ok,generic_result_adapt_history_prefix_components,"{""components"": {""N_H_refit_eval"": 106655.0, ""N_grad_probe"": 1978.0, ""N_metric_probe"": 0.0, ""N_other_quantum"": 0.0, ""history_len"": 30}, ""reference_state_status"": ""ok""}","[[0.0,1.0355709009619218],[1.0,0.043353119499240034],[2.0,0.02247362324967872],[3.0,0.0014957332582068439],[4.0,0.0013117770378571203],[5.0,0.0011346839099926065],[6.0,0.0011338288294809873],[7.0,0.0011278152141340758],[8.0,0.001114489668836316],[9.0,0.001114479422912651],[10.0,0.0011050123630553799],[11.0,0.0011050122436859766],[12.0,0.0011050079061898366],[13.0,0.0011030329599489574],[14.0,0.0011030328702570369],[15.0,0.001103032843610241],[16.0,0.0011030328148837754],[17.0,0.001073803089864711],[18.0,0.0009394074821859055],[19.0,0.0009261208959514544],[20.0,0.0009194246713150056],[21.0,0.0009193114443605266],[22.0,0.0009192819178269751],[23.0,0.00036917404831438017],[24.0,0.000369128875648439],[25.0,0.000368957054541319],[26.0,0.00036887645785221856],[27.0,0.00036887645746785935],[28.0,0.00036887645723293616],[29.0,0.0003688764569935721],[30.0,0.0003688764569935721]]",output/chtc_retrievals/paper_i_hh_fullmeta_singleton_symmetry_20260630_current_fetch/raw_outputs/paper_i_hh_fullmeta_singleton_symmetry_20260630_schedfix_powell/paper_i_hh_fullmeta_singleton_symmetry_20260630_schedfix_powell__weak_weak__append__C_macro_only__native_forced__powell200__depth30_noearlystop__fullmeta_singleton_symmetry/result/generic_static_single.json,a0b53b4643d97588a04fb688f09dd48964a90a1cd650e95d6cad68d167c8c3a6,output/chtc_retrievals/paper_i_hh_fullmeta_singleton_symmetry_20260630_current_fetch/raw_outputs/paper_i_hh_fullmeta_singleton_symmetry_20260630_schedfix_powell/paper_i_hh_fullmeta_singleton_symmetry_20260630_schedfix_powell__weak_weak__append__C_macro_only__native_forced__powell200__depth30_noearlystop__fullmeta_singleton_symmetry,selected_prefix_k=23; policy=first_plateau_rel_tol; source=output/chtc_retrievals/paper_i_hh_fullmeta_singleton_symmetry_20260630_current_fetch/raw_outputs/paper_i_hh_fullmeta_singleton_symmetry_20260630_schedfix_powell/paper_i_hh_fullmeta_singleton_symmetry_20260630_schedfix_powell__weak_weak__append__C_macro_only__native_forced__powell200__depth30_noearlystop__fullmeta_singleton_symmetry/result/generic_static_single.json
append_singleton_b1,Append singleton,append-only ADAPT with common Phase-0 hard-guard singleton pool,B_common_phase0_singleton_hard_guard,weak-weak,append,POWELL,done,true,,first_plateau_rel_tol,ok,5,paper_i_hh_fullmeta_singleton_symmetry_20260630_schedfix_powell__weak_weak__append__B_common_phase0_singleton_hard_guard__native_forced__powell200__depth30_noearlystop__fullmeta_singleton_symmetry,output/pdf/paper_i_hh_fullmeta_singleton_symmetry_chtc_current_20260630/paper_i_hh_fullmeta_singleton_symmetry_chtc_current_20260630_powell.json,dac548a960b73b70683233dc2020de61ce1d6b259057a7bdd9bbcf0552659a59,5,5,0.0013117770378571203,,blocked_selected_prefix_state_not_serialized,not_computed,selected-prefix optimized state/theta is not serialized in the source artifact,98,70,534,qiskit_selected_generic_prefix_compile,ok,12495.0,25232.0,0.0,25232.0,0.0,3129.0,ok,generic_result_adapt_history_prefix_components,"{""components"": {""N_H_refit_eval"": 984.0, ""N_grad_probe"": 2145.0, ""N_metric_probe"": 0.0, ""N_other_quantum"": 0.0, ""history_len"": 30}, ""reference_state_status"": ""ok""}","[[0.0,1.0355709009619218],[1.0,0.043353119499240034],[2.0,0.02247362324967872],[3.0,0.0014957332582068439],[4.0,0.0013117770378571203],[5.0,0.0011346839099926065],[6.0,0.0011338288294809873],[7.0,0.0011278152141340758],[8.0,0.0011275978302766054],[9.0,0.001127382799045784],[10.0,0.0011271745385507126],[11.0,0.0011269684615271558],[12.0,0.0011269636725258492],[13.0,0.0011268564519680835],[14.0,0.0011268560904490466],[15.0,0.0011268557397750012],[16.0,0.00112685573938065],[17.0,0.0011268557390112788],[18.0,0.001126855738643906],[19.0,0.0011268557383038447],[20.0,0.0011268557379654487],[21.0,0.0011268557376428179],[22.0,0.0011268557373318444],[23.0,0.001126855737080379],[24.0,0.001126855736841903],[25.0,0.0011268557366541643],[26.0,0.0011268557365073928],[27.0,0.0011268557363859344],[28.0,0.001126855736289789],[29.0,0.001126855736219956],[30.0,0.001126855736219956]]",output/chtc_retrievals/paper_i_hh_fullmeta_singleton_symmetry_20260630_current_fetch/raw_outputs/paper_i_hh_fullmeta_singleton_symmetry_20260630_schedfix_powell/paper_i_hh_fullmeta_singleton_symmetry_20260630_schedfix_powell__weak_weak__append__B_common_phase0_singleton_hard_guard__native_forced__powell200__depth30_noearlystop__fullmeta_singleton_symmetry/result/generic_static_single.json,214bc8ad0f7c9c7150e20b991b4e38632215327aaaa81a806e1407ca6c4a8035,output/chtc_retrievals/paper_i_hh_fullmeta_singleton_symmetry_20260630_current_fetch/raw_outputs/paper_i_hh_fullmeta_singleton_symmetry_20260630_schedfix_powell/paper_i_hh_fullmeta_singleton_symmetry_20260630_schedfix_powell__weak_weak__append__B_common_phase0_singleton_hard_guard__native_forced__powell200__depth30_noearlystop__fullmeta_singleton_symmetry,selected_prefix_k=5; policy=first_plateau_rel_tol; source=output/chtc_retrievals/paper_i_hh_fullmeta_singleton_symmetry_20260630_current_fetch/raw_outputs/paper_i_hh_fullmeta_singleton_symmetry_20260630_schedfix_powell/paper_i_hh_fullmeta_singleton_symmetry_20260630_schedfix_powell__weak_weak__append__B_common_phase0_singleton_hard_guard__native_forced__powell200__depth30_noearlystop__fullmeta_singleton_symmetry/result/generic_static_single.json
snake_native_a1,SNAKE,native SNAKE with Phase-III hard-guard singleton replacement,A_native_staged_singleton_hard_guard,intermediate-weak,snake,POWELL,done,true,,manual_snake_selected_prefix_by_regime,ok,9,paper_i_hh_fullmeta_singleton_symmetry_20260630_schedfix_powell__intermediate_weak__snake__A_native_staged_singleton_hard_guard__native_forced__powell200__depth30_noearlystop__fullmeta_singleton_symmetry,output/pdf/paper_i_hh_fullmeta_singleton_symmetry_chtc_current_20260630/paper_i_hh_fullmeta_singleton_symmetry_chtc_current_20260630_powell.json,dac548a960b73b70683233dc2020de61ce1d6b259057a7bdd9bbcf0552659a59,9,9,0.00018956440411416198,,blocked_selected_prefix_state_not_serialized,not_computed,selected-prefix optimized state/theta is not serialized in the source artifact,30,24,129,qiskit_selected_snake_history_prefix_compile,ok,9898.0,7270.0,1855.0,9125.0,1268.0,5020.0,ok,snake_algorithmic_work_from_payload(scope=display_prefix),"{""audit_status"": ""ok"", ""history_position"": 9}","[[0.0,0.9407479976016191],[1.0,0.11999563910869498],[2.0,0.024613812328669382],[3.0,0.019291115716809915],[4.0,0.01280148953446053],[5.0,0.007300401482589869],[6.0,0.0006470502618856067],[7.0,0.000424086945503388],[8.0,0.00027490587945294687],[9.0,0.00018956440411416198],[10.0,0.00017817710937512166],[11.0,0.00017475735847694018],[12.0,0.00017475715413900472],[13.0,0.0001747568035193603],[14.0,0.00017443566939617794],[15.0,0.00017443705801234444],[16.0,0.00017443589871274368],[17.0,0.00017425071176829787],[18.0,0.00017425289999434268],[19.0,0.00017425228318368458],[20.0,0.00017425196098164175],[21.0,0.00017425164337631083],[22.0,0.00017425132725862325],[23.0,0.00017425101191032022],[24.0,0.00017425069712473373],[25.0,0.00017425038258772618],[26.0,0.00017425006808274857],[27.0,0.0001742497540354604],[28.0,0.00017424943998739506],[29.0,0.00017424912627311828],[30.0,0.00017424872384302903]]",output/chtc_retrievals/paper_i_hh_fullmeta_singleton_symmetry_20260630_current_fetch/raw_outputs/paper_i_hh_fullmeta_singleton_symmetry_20260630_schedfix_powell/paper_i_hh_fullmeta_singleton_symmetry_20260630_schedfix_powell__intermediate_weak__snake__A_native_staged_singleton_hard_guard__native_forced__powell200__depth30_noearlystop__fullmeta_singleton_symmetry/json/result.json,6df753068859a3012c54f18977d30db9a5379bca686d2a394251e54fe71d3660,output/chtc_retrievals/paper_i_hh_fullmeta_singleton_symmetry_20260630_current_fetch/raw_outputs/paper_i_hh_fullmeta_singleton_symmetry_20260630_schedfix_powell/paper_i_hh_fullmeta_singleton_symmetry_20260630_schedfix_powell__intermediate_weak__snake__A_native_staged_singleton_hard_guard__native_forced__powell200__depth30_noearlystop__fullmeta_singleton_symmetry,selected_prefix_k=9; policy=manual_snake_selected_prefix_by_regime; source=output/chtc_retrievals/paper_i_hh_fullmeta_singleton_symmetry_20260630_current_fetch/raw_outputs/paper_i_hh_fullmeta_singleton_symmetry_20260630_schedfix_powell/paper_i_hh_fullmeta_singleton_symmetry_20260630_schedfix_powell__intermediate_weak__snake__A_native_staged_singleton_hard_guard__native_forced__powell200__depth30_noearlystop__fullmeta_singleton_symmetry/json/result.json
geo_macro_c,Geo macro,Geo-ADAPT with macro-generator-only pool,C_macro_only,intermediate-weak,geo,POWELL,done,true,,first_plateau_rel_tol,ok,4,paper_i_hh_fullmeta_singleton_symmetry_20260630_schedfix_powell__intermediate_weak__geo__C_macro_only__native_forced__powell200__depth30_noearlystop__fullmeta_singleton_symmetry,output/pdf/paper_i_hh_fullmeta_singleton_symmetry_chtc_current_20260630/paper_i_hh_fullmeta_singleton_symmetry_chtc_current_20260630_powell.json,dac548a960b73b70683233dc2020de61ce1d6b259057a7bdd9bbcf0552659a59,4,4,0.09893293320249796,,blocked_selected_prefix_state_not_serialized,not_computed,selected-prefix optimized state/theta is not serialized in the source artifact,70,69,528,qiskit_selected_generic_prefix_compile,ok,2881.0,16936.0,0.0,16936.0,139777.0,19792.0,ok,generic_result_adapt_history_prefix_components,"{""components"": {""N_H_refit_eval"": 686.0, ""N_grad_probe"": 385.0, ""N_metric_probe"": 18721.0, ""N_other_quantum"": 0.0, ""history_len"": 30}, ""reference_state_status"": ""ok""}","[[0.0,0.9407479976016265],[1.0,0.11999563910870198],[2.0,0.09911614285914017],[3.0,0.09893293320249796],[4.0,0.07795429664731951],[5.0,0.07777033482354834],[6.0,0.07777014710211533],[7.0,0.0777699324741003],[8.0,0.07776984001334675],[9.0,0.07776984001311937],[10.0,0.07776984001294285],[11.0,0.07776984001279552],[12.0,0.07776984001265597],[13.0,0.07776984001252041],[14.0,0.07776984001238263],[15.0,0.07776984001225051],[16.0,0.07776984001211407],[17.0,0.07776984001196907],[18.0,0.07776984001182857],[19.0,0.07776984001169646],[20.0,0.07776984001156295],[21.0,0.07776984001143344],[22.0,0.07776984001129916],[23.0,0.07776984001116993],[24.0,0.07776984001102444],[25.0,0.07776984001089704],[26.0,0.07776984001077081],[27.0,0.07776984001063203],[28.0,0.07776984001049841],[29.0,0.07776984001037102],[30.0,0.07776984001037102]]",output/chtc_retrievals/paper_i_hh_fullmeta_singleton_symmetry_20260630_current_fetch/raw_outputs/paper_i_hh_fullmeta_singleton_symmetry_20260630_schedfix_powell/paper_i_hh_fullmeta_singleton_symmetry_20260630_schedfix_powell__intermediate_weak__geo__C_macro_only__native_forced__powell200__depth30_noearlystop__fullmeta_singleton_symmetry/result/generic_static_single.json,548746aee514688474bf93659f6595a2f4284c879fd8f257479b347bbca2d255,output/chtc_retrievals/paper_i_hh_fullmeta_singleton_symmetry_20260630_current_fetch/raw_outputs/paper_i_hh_fullmeta_singleton_symmetry_20260630_schedfix_powell/paper_i_hh_fullmeta_singleton_symmetry_20260630_schedfix_powell__intermediate_weak__geo__C_macro_only__native_forced__powell200__depth30_noearlystop__fullmeta_singleton_symmetry,selected_prefix_k=4; policy=first_plateau_rel_tol; source=output/chtc_retrievals/paper_i_hh_fullmeta_singleton_symmetry_20260630_current_fetch/raw_outputs/paper_i_hh_fullmeta_singleton_symmetry_20260630_schedfix_powell/paper_i_hh_fullmeta_singleton_symmetry_20260630_schedfix_powell__intermediate_weak__geo__C_macro_only__native_forced__powell200__depth30_noearlystop__fullmeta_singleton_symmetry/result/generic_static_single.json
geo_singleton_b1,Geo singleton,Geo-ADAPT with common Phase-0 hard-guard singleton pool,B_common_phase0_singleton_hard_guard,intermediate-weak,geo,POWELL,done,true,,first_plateau_rel_tol,ok,2,paper_i_hh_fullmeta_singleton_symmetry_20260630_schedfix_powell__intermediate_weak__geo__B_common_phase0_singleton_hard_guard__native_forced__powell200__depth30_noearlystop__fullmeta_singleton_symmetry,output/pdf/paper_i_hh_fullmeta_singleton_symmetry_chtc_current_20260630/paper_i_hh_fullmeta_singleton_symmetry_chtc_current_20260630_powell.json,dac548a960b73b70683233dc2020de61ce1d6b259057a7bdd9bbcf0552659a59,2,2,0.11999563910870181,,blocked_selected_prefix_state_not_serialized,not_computed,selected-prefix optimized state/theta is not serialized in the source artifact,40,40,285,qiskit_selected_generic_prefix_compile,ok,12901.0,10559.0,0.0,10559.0,2780381.0,186863.0,ok,generic_result_adapt_history_prefix_components,"{""components"": {""N_H_refit_eval"": 241.0, ""N_grad_probe"": 861.0, ""N_metric_probe"": 185761.0, ""N_other_quantum"": 0.0, ""history_len"": 30}, ""reference_state_status"": ""ok""}","[[0.0,0.9407479976016269],[1.0,0.11999563910870181],[2.0,0.09911614285914072],[3.0,0.09893293320249841],[4.0,0.09893257041204834],[5.0,0.09893257040644887],[6.0,0.09893257040644843],[7.0,0.09893257040644832],[8.0,0.0989325704064481],[9.0,0.09893257040644715],[10.0,0.09893257040644621],[11.0,0.0989325704064461],[12.0,0.0989325704064461],[13.0,0.0989325704064461],[14.0,0.0989325704064461],[15.0,0.0989325704064461],[16.0,0.0989325704064461],[17.0,0.0989325704064461],[18.0,0.0989325704064461],[19.0,0.0989325704064461],[20.0,0.0989325704064461],[21.0,0.0989325704064461],[22.0,0.0989325704064461],[23.0,0.0989325704064461],[24.0,0.0989325704064461],[25.0,0.0989325704064461],[26.0,0.0989325704064461],[27.0,0.0989325704064461],[28.0,0.0989325704064461],[29.0,0.0989325704064461],[30.0,0.0989325704064461]]",output/chtc_retrievals/paper_i_hh_fullmeta_singleton_symmetry_20260630_current_fetch/raw_outputs/paper_i_hh_fullmeta_singleton_symmetry_20260630_schedfix_powell/paper_i_hh_fullmeta_singleton_symmetry_20260630_schedfix_powell__intermediate_weak__geo__B_common_phase0_singleton_hard_guard__native_forced__powell200__depth30_noearlystop__fullmeta_singleton_symmetry/result/generic_static_single.json,0b2f99a1b34b61896469a8460fe518614ba0cbb97536bdba3e53af118dd94efa,output/chtc_retrievals/paper_i_hh_fullmeta_singleton_symmetry_20260630_current_fetch/raw_outputs/paper_i_hh_fullmeta_singleton_symmetry_20260630_schedfix_powell/paper_i_hh_fullmeta_singleton_symmetry_20260630_schedfix_powell__intermediate_weak__geo__B_common_phase0_singleton_hard_guard__native_forced__powell200__depth30_noearlystop__fullmeta_singleton_symmetry,selected_prefix_k=2; policy=first_plateau_rel_tol; source=output/chtc_retrievals/paper_i_hh_fullmeta_singleton_symmetry_20260630_current_fetch/raw_outputs/paper_i_hh_fullmeta_singleton_symmetry_20260630_schedfix_powell/paper_i_hh_fullmeta_singleton_symmetry_20260630_schedfix_powell__intermediate_weak__geo__B_common_phase0_singleton_hard_guard__native_forced__powell200__depth30_noearlystop__fullmeta_singleton_symmetry/result/generic_static_single.json
append_macro_c,Append macro,append-only ADAPT with macro-generator-only pool,C_macro_only,intermediate-weak,append,POWELL,done,true,,first_plateau_rel_tol,ok,28,paper_i_hh_fullmeta_singleton_symmetry_20260630_schedfix_powell__intermediate_weak__append__C_macro_only__native_forced__powell200__depth30_noearlystop__fullmeta_singleton_symmetry,output/pdf/paper_i_hh_fullmeta_singleton_symmetry_chtc_current_20260630/paper_i_hh_fullmeta_singleton_symmetry_chtc_current_20260630_powell.json,dac548a960b73b70683233dc2020de61ce1d6b259057a7bdd9bbcf0552659a59,28,28,0.005223690514773949,,blocked_selected_prefix_state_not_serialized,not_computed,selected-prefix optimized state/theta is not serialized in the source artifact,4276,4059,15924,qiskit_selected_generic_prefix_compile,ok,2475.0,295990.0,0.0,295990.0,0.0,231208.0,ok,generic_result_adapt_history_prefix_components,"{""components"": {""N_H_refit_eval"": 228870.0, ""N_grad_probe"": 2338.0, ""N_metric_probe"": 0.0, ""N_other_quantum"": 0.0, ""history_len"": 30}, ""reference_state_status"": ""ok""}","[[0.0,0.9407479976016269],[1.0,0.11999563910870181],[2.0,0.09911614285914072],[3.0,0.07813825286766973],[4.0,0.07795429664731923],[5.0,0.07777854367533371],[6.0,0.0777779137226734],[7.0,0.07777033482356721],[8.0,0.07712232038740385],[9.0,0.06723258312134056],[10.0,0.06717576136846659],[11.0,0.06714365360134139],[12.0,0.06706051509128397],[13.0,0.06699220301980024],[14.0,0.06089352517024704],[15.0,0.06071335007857215],[16.0,0.06056420680718083],[17.0,0.05191689016160084],[18.0,0.05002966736621328],[19.0,0.04596253100057879],[20.0,0.040113007632512354],[21.0,0.029871136867236803],[22.0,0.02468927308469493],[23.0,0.020787821815661855],[24.0,0.013339205522747366],[25.0,0.0060336370461980815],[26.0,0.005487868397269113],[27.0,0.005223690514773949],[28.0,0.003946816613623283],[29.0,0.00394248023851046],[30.0,0.00394248023851046]]",output/chtc_retrievals/paper_i_hh_fullmeta_singleton_symmetry_20260630_current_fetch/raw_outputs/paper_i_hh_fullmeta_singleton_symmetry_20260630_schedfix_powell/paper_i_hh_fullmeta_singleton_symmetry_20260630_schedfix_powell__intermediate_weak__append__C_macro_only__native_forced__powell200__depth30_noearlystop__fullmeta_singleton_symmetry/result/generic_static_single.json,eb3876dbfdbc1fae7e3859d2fe44b9da63824301eb894339b08ed97497aaba0c,output/chtc_retrievals/paper_i_hh_fullmeta_singleton_symmetry_20260630_current_fetch/raw_outputs/paper_i_hh_fullmeta_singleton_symmetry_20260630_schedfix_powell/paper_i_hh_fullmeta_singleton_symmetry_20260630_schedfix_powell__intermediate_weak__append__C_macro_only__native_forced__powell200__depth30_noearlystop__fullmeta_singleton_symmetry,selected_prefix_k=28; policy=first_plateau_rel_tol; source=output/chtc_retrievals/paper_i_hh_fullmeta_singleton_symmetry_20260630_current_fetch/raw_outputs/paper_i_hh_fullmeta_singleton_symmetry_20260630_schedfix_powell/paper_i_hh_fullmeta_singleton_symmetry_20260630_schedfix_powell__intermediate_weak__append__C_macro_only__native_forced__powell200__depth30_noearlystop__fullmeta_singleton_symmetry/result/generic_static_single.json
append_singleton_b1,Append singleton,append-only ADAPT with common Phase-0 hard-guard singleton pool,B_common_phase0_singleton_hard_guard,intermediate-weak,append,POWELL,done,true,,first_plateau_rel_tol,ok,23,paper_i_hh_fullmeta_singleton_symmetry_20260630_schedfix_powell__intermediate_weak__append__B_common_phase0_singleton_hard_guard__native_forced__powell200__depth30_noearlystop__fullmeta_singleton_symmetry,output/pdf/paper_i_hh_fullmeta_singleton_symmetry_chtc_current_20260630/paper_i_hh_fullmeta_singleton_symmetry_chtc_current_20260630_powell.json,dac548a960b73b70683233dc2020de61ce1d6b259057a7bdd9bbcf0552659a59,23,23,0.022771769634544747,,blocked_selected_prefix_state_not_serialized,not_computed,selected-prefix optimized state/theta is not serialized in the source artifact,562,485,2374,qiskit_selected_generic_prefix_compile,ok,12495.0,208238.0,0.0,208238.0,0.0,134322.0,ok,generic_result_adapt_history_prefix_components,"{""components"": {""N_H_refit_eval"": 124662.0, ""N_grad_probe"": 9660.0, ""N_metric_probe"": 0.0, ""N_other_quantum"": 0.0, ""history_len"": 30}, ""reference_state_status"": ""ok""}","[[0.0,0.9407479976016269],[1.0,0.11999563910870181],[2.0,0.09911614285914072],[3.0,0.07813825286766973],[4.0,0.07795429664731923],[5.0,0.07777854367533371],[6.0,0.0777779137226734],[7.0,0.07777033482356721],[8.0,0.07777011748648965],[9.0,0.07776990240850257],[10.0,0.07776969419202018],[11.0,0.07776948807099399],[12.0,0.07776938327108984],[13.0,0.04904398497493445],[14.0,0.04892489719675852],[15.0,0.0471591186790028],[16.0,0.04263525221461384],[17.0,0.030262618377481787],[18.0,0.028858655409002176],[19.0,0.028773106451272845],[20.0,0.023797730673261075],[21.0,0.02280792005624832],[22.0,0.022771769634544747],[23.0,0.013762588909201456],[24.0,0.013759253221282797],[25.0,0.013759228801758505],[26.0,0.013759228681556324],[27.0,0.013759228681522684],[28.0,0.013759228681487656],[29.0,0.01375922868145385],[30.0,0.01375922868145385]]",output/chtc_retrievals/paper_i_hh_fullmeta_singleton_symmetry_20260630_current_fetch/raw_outputs/paper_i_hh_fullmeta_singleton_symmetry_20260630_schedfix_powell/paper_i_hh_fullmeta_singleton_symmetry_20260630_schedfix_powell__intermediate_weak__append__B_common_phase0_singleton_hard_guard__native_forced__powell200__depth30_noearlystop__fullmeta_singleton_symmetry/result/generic_static_single.json,d4e788f6b93eec9f5628c132c497096a783b44ca41b1526fa4db96ca4dd0e79b,output/chtc_retrievals/paper_i_hh_fullmeta_singleton_symmetry_20260630_current_fetch/raw_outputs/paper_i_hh_fullmeta_singleton_symmetry_20260630_schedfix_powell/paper_i_hh_fullmeta_singleton_symmetry_20260630_schedfix_powell__intermediate_weak__append__B_common_phase0_singleton_hard_guard__native_forced__powell200__depth30_noearlystop__fullmeta_singleton_symmetry,selected_prefix_k=23; policy=first_plateau_rel_tol; source=output/chtc_retrievals/paper_i_hh_fullmeta_singleton_symmetry_20260630_current_fetch/raw_outputs/paper_i_hh_fullmeta_singleton_symmetry_20260630_schedfix_powell/paper_i_hh_fullmeta_singleton_symmetry_20260630_schedfix_powell__intermediate_weak__append__B_common_phase0_singleton_hard_guard__native_forced__powell200__depth30_noearlystop__fullmeta_singleton_symmetry/result/generic_static_single.json
snake_native_a1,SNAKE,native SNAKE with Phase-III hard-guard singleton replacement,A_native_staged_singleton_hard_guard,strong-weak,snake,POWELL,done,true,,manual_snake_selected_prefix_by_regime,ok,17,paper_i_hh_fullmeta_singleton_symmetry_20260630_schedfix_powell__strong_weak__snake__A_native_staged_singleton_hard_guard__native_forced__powell200__depth30_noearlystop__fullmeta_singleton_symmetry,output/pdf/paper_i_hh_fullmeta_singleton_symmetry_chtc_current_20260630/paper_i_hh_fullmeta_singleton_symmetry_chtc_current_20260630_powell.json,dac548a960b73b70683233dc2020de61ce1d6b259057a7bdd9bbcf0552659a59,17,17,1.393291865214863e-06,,blocked_selected_prefix_state_not_serialized,not_computed,selected-prefix optimized state/theta is not serialized in the source artifact,62,53,272,qiskit_selected_snake_history_prefix_compile,ok,9898.0,9224.0,1697.0,10921.0,1360.0,9976.0,ok,snake_algorithmic_work_from_payload(scope=display_prefix),"{""audit_status"": ""ok"", ""history_position"": 17}","[[0.0,0.3504356735824987],[1.0,0.0014053442005799166],[2.0,0.001221292263741125],[3.0,0.0007078197551668719],[4.0,0.0005223545634577276],[5.0,8.24477771932397e-06],[6.0,6.334723146039778e-06],[7.0,6.334721962986123e-06],[8.0,5.843953138739977e-06],[9.0,4.239887035240031e-06],[10.0,4.239883893530916e-06],[11.0,4.239882639756054e-06],[12.0,4.0628895046079805e-06],[13.0,4.0617125590669545e-06],[14.0,3.929689930126656e-06],[15.0,3.929666977042778e-06],[16.0,3.9249607721725255e-06],[17.0,1.393291865214863e-06],[18.0,1.3927623199183614e-06],[19.0,1.3927588409234914e-06],[20.0,1.3927567277249864e-06],[21.0,1.3927546704817217e-06],[22.0,1.3927525364110238e-06],[23.0,1.3927504594057893e-06],[24.0,1.3927483393239015e-06],[25.0,1.3927462390039835e-06],[26.0,1.3927441113725791e-06],[27.0,1.3927420421389058e-06],[28.0,1.3927399405977425e-06],[29.0,1.3927378856859463e-06],[30.0,1.3927348254672012e-06]]",output/chtc_retrievals/paper_i_hh_fullmeta_singleton_symmetry_20260630_current_fetch/raw_outputs/paper_i_hh_fullmeta_singleton_symmetry_20260630_schedfix_powell/paper_i_hh_fullmeta_singleton_symmetry_20260630_schedfix_powell__strong_weak__snake__A_native_staged_singleton_hard_guard__native_forced__powell200__depth30_noearlystop__fullmeta_singleton_symmetry/json/result.json,6cac71266823217e42b77d729d4dd02040d6f656433694912c415f21a31c45e4,output/chtc_retrievals/paper_i_hh_fullmeta_singleton_symmetry_20260630_current_fetch/raw_outputs/paper_i_hh_fullmeta_singleton_symmetry_20260630_schedfix_powell/paper_i_hh_fullmeta_singleton_symmetry_20260630_schedfix_powell__strong_weak__snake__A_native_staged_singleton_hard_guard__native_forced__powell200__depth30_noearlystop__fullmeta_singleton_symmetry,selected_prefix_k=17; policy=manual_snake_selected_prefix_by_regime; source=output/chtc_retrievals/paper_i_hh_fullmeta_singleton_symmetry_20260630_current_fetch/raw_outputs/paper_i_hh_fullmeta_singleton_symmetry_20260630_schedfix_powell/paper_i_hh_fullmeta_singleton_symmetry_20260630_schedfix_powell__strong_weak__snake__A_native_staged_singleton_hard_guard__native_forced__powell200__depth30_noearlystop__fullmeta_singleton_symmetry/json/result.json
geo_macro_c,Geo macro,Geo-ADAPT with macro-generator-only pool,C_macro_only,strong-weak,geo,POWELL,done,true,,first_plateau_rel_tol,ok,6,paper_i_hh_fullmeta_singleton_symmetry_20260630_schedfix_powell__strong_weak__geo__C_macro_only__native_forced__powell200__depth30_noearlystop__fullmeta_singleton_symmetry,output/pdf/paper_i_hh_fullmeta_singleton_symmetry_chtc_current_20260630/paper_i_hh_fullmeta_singleton_symmetry_chtc_current_20260630_powell.json,dac548a960b73b70683233dc2020de61ce1d6b259057a7bdd9bbcf0552659a59,6,6,2.354651946201436e-06,,blocked_selected_prefix_state_not_serialized,not_computed,selected-prefix optimized state/theta is not serialized in the source artifact,146,117,763,qiskit_selected_generic_prefix_compile,ok,2881.0,12649.0,0.0,12649.0,139777.0,30007.0,ok,generic_result_adapt_history_prefix_components,"{""components"": {""N_H_refit_eval"": 1397.0, ""N_grad_probe"": 577.0, ""N_metric_probe"": 28033.0, ""N_other_quantum"": 0.0, ""history_len"": 30}, ""reference_state_status"": ""ok""}","[[0.0,0.35043567358249517],[1.0,0.2235412992001553],[2.0,0.001405344200577252],[3.0,0.0007064065048181245],[4.0,2.7512258803374934e-06],[5.0,2.354651946201436e-06],[6.0,1.958072529117949e-06],[7.0,1.9580725264534138e-06],[8.0,1.958072521346388e-06],[9.0,1.9580725189038972e-06],[10.0,1.9580725146850497e-06],[11.0,1.9580725073575778e-06],[12.0,1.9580725058032655e-06],[13.0,1.958072503804864e-06],[14.0,1.9580725028056634e-06],[15.0,1.958072498253749e-06],[16.0,1.9580724920365e-06],[17.0,1.9580724860412957e-06],[18.0,1.958072482488582e-06],[19.0,1.958072473384753e-06],[20.0,1.9580724719414633e-06],[21.0,1.9580724669454597e-06],[22.0,1.9580724613943445e-06],[23.0,1.958072457175497e-06],[24.0,1.958072450958248e-06],[25.0,1.9580724440748654e-06],[26.0,1.958072436636371e-06],[27.0,1.9580724323065013e-06],[28.0,1.958072426311297e-06],[29.0,1.95807242453494e-06],[30.0,1.95807242453494e-06]]",output/chtc_retrievals/paper_i_hh_fullmeta_singleton_symmetry_20260630_current_fetch/raw_outputs/paper_i_hh_fullmeta_singleton_symmetry_20260630_schedfix_powell/paper_i_hh_fullmeta_singleton_symmetry_20260630_schedfix_powell__strong_weak__geo__C_macro_only__native_forced__powell200__depth30_noearlystop__fullmeta_singleton_symmetry/result/generic_static_single.json,5832452cc10b4bc4c2faa22cd062ebfd41b9d39efa1219bbf3c5acdeda2e51ab,output/chtc_retrievals/paper_i_hh_fullmeta_singleton_symmetry_20260630_current_fetch/raw_outputs/paper_i_hh_fullmeta_singleton_symmetry_20260630_schedfix_powell/paper_i_hh_fullmeta_singleton_symmetry_20260630_schedfix_powell__strong_weak__geo__C_macro_only__native_forced__powell200__depth30_noearlystop__fullmeta_singleton_symmetry,selected_prefix_k=6; policy=first_plateau_rel_tol; source=output/chtc_retrievals/paper_i_hh_fullmeta_singleton_symmetry_20260630_current_fetch/raw_outputs/paper_i_hh_fullmeta_singleton_symmetry_20260630_schedfix_powell/paper_i_hh_fullmeta_singleton_symmetry_20260630_schedfix_powell__strong_weak__geo__C_macro_only__native_forced__powell200__depth30_noearlystop__fullmeta_singleton_symmetry/result/generic_static_single.json
geo_singleton_b1,Geo singleton,Geo-ADAPT with common Phase-0 hard-guard singleton pool,B_common_phase0_singleton_hard_guard,strong-weak,geo,POWELL,done,true,,first_plateau_rel_tol,ok,4,paper_i_hh_fullmeta_singleton_symmetry_20260630_schedfix_powell__strong_weak__geo__B_common_phase0_singleton_hard_guard__native_forced__powell200__depth30_noearlystop__fullmeta_singleton_symmetry,output/pdf/paper_i_hh_fullmeta_singleton_symmetry_chtc_current_20260630/paper_i_hh_fullmeta_singleton_symmetry_chtc_current_20260630_powell.json,dac548a960b73b70683233dc2020de61ce1d6b259057a7bdd9bbcf0552659a59,4,4,0.0007064065048189017,,blocked_selected_prefix_state_not_serialized,not_computed,selected-prefix optimized state/theta is not serialized in the source artifact,116,116,710,qiskit_selected_generic_prefix_compile,ok,12901.0,11722.0,0.0,11722.0,2780381.0,373478.0,ok,generic_result_adapt_history_prefix_components,"{""components"": {""N_H_refit_eval"": 666.0, ""N_grad_probe"": 1721.0, ""N_metric_probe"": 371091.0, ""N_other_quantum"": 0.0, ""history_len"": 30}, ""reference_state_status"": ""ok""}","[[0.0,0.3504356735824947],[1.0,0.22354129920015586],[2.0,0.001405344200576475],[3.0,0.0007064065048189017],[4.0,2.751225879893404e-06],[5.0,2.751225879449315e-06],[6.0,2.7512258792272704e-06],[7.0,2.751225879116248e-06],[8.0,2.751225879116248e-06],[9.0,2.7512258790052257e-06],[10.0,2.7512258790052257e-06],[11.0,2.7512258790052257e-06],[12.0,2.751225878783181e-06],[13.0,2.751225878783181e-06],[14.0,2.7512258785611365e-06],[15.0,2.7512258785611365e-06],[16.0,2.7512258785611365e-06],[17.0,2.7512258785611365e-06],[18.0,2.7512258785611365e-06],[19.0,2.7512258785611365e-06],[20.0,2.7512258785611365e-06],[21.0,2.7512258785611365e-06],[22.0,2.7512258785611365e-06],[23.0,2.7512258785611365e-06],[24.0,2.7512258785611365e-06],[25.0,2.7512258785611365e-06],[26.0,2.7512258785611365e-06],[27.0,2.7512258785611365e-06],[28.0,2.7512258785611365e-06],[29.0,2.7512258785611365e-06],[30.0,2.7512258785611365e-06]]",output/chtc_retrievals/paper_i_hh_fullmeta_singleton_symmetry_20260630_current_fetch/raw_outputs/paper_i_hh_fullmeta_singleton_symmetry_20260630_schedfix_powell/paper_i_hh_fullmeta_singleton_symmetry_20260630_schedfix_powell__strong_weak__geo__B_common_phase0_singleton_hard_guard__native_forced__powell200__depth30_noearlystop__fullmeta_singleton_symmetry/result/generic_static_single.json,0da91740e16e484449fa728632bcd58b3f97ab1402bac123758518f000f19981,output/chtc_retrievals/paper_i_hh_fullmeta_singleton_symmetry_20260630_current_fetch/raw_outputs/paper_i_hh_fullmeta_singleton_symmetry_20260630_schedfix_powell/paper_i_hh_fullmeta_singleton_symmetry_20260630_schedfix_powell__strong_weak__geo__B_common_phase0_singleton_hard_guard__native_forced__powell200__depth30_noearlystop__fullmeta_singleton_symmetry,selected_prefix_k=4; policy=first_plateau_rel_tol; source=output/chtc_retrievals/paper_i_hh_fullmeta_singleton_symmetry_20260630_current_fetch/raw_outputs/paper_i_hh_fullmeta_singleton_symmetry_20260630_schedfix_powell/paper_i_hh_fullmeta_singleton_symmetry_20260630_schedfix_powell__strong_weak__geo__B_common_phase0_singleton_hard_guard__native_forced__powell200__depth30_noearlystop__fullmeta_singleton_symmetry/result/generic_static_single.json
append_macro_c,Append macro,append-only ADAPT with macro-generator-only pool,C_macro_only,strong-weak,append,POWELL,done,true,,first_plateau_rel_tol,ok,6,paper_i_hh_fullmeta_singleton_symmetry_20260630_schedfix_powell__strong_weak__append__C_macro_only__native_forced__powell200__depth30_noearlystop__fullmeta_singleton_symmetry,output/pdf/paper_i_hh_fullmeta_singleton_symmetry_chtc_current_20260630/paper_i_hh_fullmeta_singleton_symmetry_chtc_current_20260630_powell.json,dac548a960b73b70683233dc2020de61ce1d6b259057a7bdd9bbcf0552659a59,6,6,2.3546519453132575e-06,,blocked_selected_prefix_state_not_serialized,not_computed,selected-prefix optimized state/theta is not serialized in the source artifact,146,118,762,qiskit_selected_generic_prefix_compile,ok,2475.0,12193.0,0.0,12193.0,0.0,2137.0,ok,generic_result_adapt_history_prefix_components,"{""components"": {""N_H_refit_eval"": 1570.0, ""N_grad_probe"": 567.0, ""N_metric_probe"": 0.0, ""N_other_quantum"": 0.0, ""history_len"": 30}, ""reference_state_status"": ""ok""}","[[0.0,0.3504356735824947],[1.0,0.22354129920015586],[2.0,0.001405344200576475],[3.0,0.0007064065048189017],[4.0,2.7512258801154488e-06],[5.0,2.3546519453132575e-06],[6.0,1.958072529451016e-06],[7.0,1.9580725271195476e-06],[8.0,1.9580725271195476e-06],[9.0,1.9580725248991016e-06],[10.0,1.958072523233767e-06],[11.0,1.9580725204582095e-06],[12.0,1.958072517682652e-06],[13.0,1.958072512242559e-06],[14.0,1.958072505581221e-06],[15.0,1.9580725031387303e-06],[16.0,1.9580725024725965e-06],[17.0,1.9580725009182842e-06],[18.0,1.9580725002521504e-06],[19.0,1.958072492813656e-06],[20.0,1.9580724881507194e-06],[21.0,1.9580724844869835e-06],[22.0,1.9580724830436935e-06],[23.0,1.958072479602002e-06],[24.0,1.958072479157913e-06],[25.0,1.958072478824846e-06],[26.0,1.9580724763823554e-06],[27.0,1.9580724744949762e-06],[28.0,1.958072474050887e-06],[29.0,1.9580724731627086e-06],[30.0,1.9580724731627086e-06]]",output/chtc_retrievals/paper_i_hh_fullmeta_singleton_symmetry_20260630_current_fetch/raw_outputs/paper_i_hh_fullmeta_singleton_symmetry_20260630_schedfix_powell/paper_i_hh_fullmeta_singleton_symmetry_20260630_schedfix_powell__strong_weak__append__C_macro_only__native_forced__powell200__depth30_noearlystop__fullmeta_singleton_symmetry/result/generic_static_single.json,4debf76c8b85567938266e1d434c580cda585b16748fab6781144d960f6c548a,output/chtc_retrievals/paper_i_hh_fullmeta_singleton_symmetry_20260630_current_fetch/raw_outputs/paper_i_hh_fullmeta_singleton_symmetry_20260630_schedfix_powell/paper_i_hh_fullmeta_singleton_symmetry_20260630_schedfix_powell__strong_weak__append__C_macro_only__native_forced__powell200__depth30_noearlystop__fullmeta_singleton_symmetry,selected_prefix_k=6; policy=first_plateau_rel_tol; source=output/chtc_retrievals/paper_i_hh_fullmeta_singleton_symmetry_20260630_current_fetch/raw_outputs/paper_i_hh_fullmeta_singleton_symmetry_20260630_schedfix_powell/paper_i_hh_fullmeta_singleton_symmetry_20260630_schedfix_powell__strong_weak__append__C_macro_only__native_forced__powell200__depth30_noearlystop__fullmeta_singleton_symmetry/result/generic_static_single.json
append_singleton_b1,Append singleton,append-only ADAPT with common Phase-0 hard-guard singleton pool,B_common_phase0_singleton_hard_guard,strong-weak,append,POWELL,done,true,,first_plateau_rel_tol,ok,9,paper_i_hh_fullmeta_singleton_symmetry_20260630_schedfix_powell__strong_weak__append__B_common_phase0_singleton_hard_guard__native_forced__powell200__depth30_noearlystop__fullmeta_singleton_symmetry,output/pdf/paper_i_hh_fullmeta_singleton_symmetry_chtc_current_20260630/paper_i_hh_fullmeta_singleton_symmetry_chtc_current_20260630_powell.json,dac548a960b73b70683233dc2020de61ce1d6b259057a7bdd9bbcf0552659a59,9,9,1.6722493906273783e-06,,blocked_selected_prefix_state_not_serialized,not_computed,selected-prefix optimized state/theta is not serialized in the source artifact,156,126,814,qiskit_selected_generic_prefix_compile,ok,12495.0,19436.0,0.0,19436.0,0.0,7310.0,ok,generic_result_adapt_history_prefix_components,"{""components"": {""N_H_refit_eval"": 3467.0, ""N_grad_probe"": 3843.0, ""N_metric_probe"": 0.0, ""N_other_quantum"": 0.0, ""history_len"": 30}, ""reference_state_status"": ""ok""}","[[0.0,0.3504356735824947],[1.0,0.22354129920015586],[2.0,0.001405344200576475],[3.0,0.0007064065048189017],[4.0,2.7512258801154488e-06],[5.0,2.3546519453132575e-06],[6.0,1.958072529451016e-06],[7.0,1.957467430702131e-06],[8.0,1.6722493906273783e-06],[9.0,1.3877443653109722e-06],[10.0,1.387333904756538e-06],[11.0,1.3872534887493515e-06],[12.0,1.387173268807551e-06],[13.0,1.387094201166228e-06],[14.0,1.3870915928082539e-06],[15.0,1.3861001778581183e-06],[16.0,1.386099952704889e-06],[17.0,1.38609968658443e-06],[18.0,1.3860993380854225e-06],[19.0,1.386099018563236e-06],[20.0,1.3860987302383165e-06],[21.0,1.3860984224844941e-06],[22.0,1.3860981263880134e-06],[23.0,1.3860979036772747e-06],[24.0,1.3860975544011112e-06],[25.0,1.3860972142287764e-06],[26.0,1.3860968588463862e-06],[27.0,1.3860964576117851e-06],[28.0,1.3860960282885415e-06],[29.0,1.386095568878254e-06],[30.0,1.386095568878254e-06]]",output/chtc_retrievals/paper_i_hh_fullmeta_singleton_symmetry_20260630_current_fetch/raw_outputs/paper_i_hh_fullmeta_singleton_symmetry_20260630_schedfix_powell/paper_i_hh_fullmeta_singleton_symmetry_20260630_schedfix_powell__strong_weak__append__B_common_phase0_singleton_hard_guard__native_forced__powell200__depth30_noearlystop__fullmeta_singleton_symmetry/result/generic_static_single.json,2263ae45a5528b4aa3eca82d9b617d1b5604180a4d2a8bfb54a8a0526de4d408,output/chtc_retrievals/paper_i_hh_fullmeta_singleton_symmetry_20260630_current_fetch/raw_outputs/paper_i_hh_fullmeta_singleton_symmetry_20260630_schedfix_powell/paper_i_hh_fullmeta_singleton_symmetry_20260630_schedfix_powell__strong_weak__append__B_common_phase0_singleton_hard_guard__native_forced__powell200__depth30_noearlystop__fullmeta_singleton_symmetry,selected_prefix_k=9; policy=first_plateau_rel_tol; source=output/chtc_retrievals/paper_i_hh_fullmeta_singleton_symmetry_20260630_current_fetch/raw_outputs/paper_i_hh_fullmeta_singleton_symmetry_20260630_schedfix_powell/paper_i_hh_fullmeta_singleton_symmetry_20260630_schedfix_powell__strong_weak__append__B_common_phase0_singleton_hard_guard__native_forced__powell200__depth30_noearlystop__fullmeta_singleton_symmetry/result/generic_static_single.json
snake_native_a1,SNAKE,native SNAKE with Phase-III hard-guard singleton replacement,A_native_staged_singleton_hard_guard,weak-strong,snake,POWELL,done,true,,manual_snake_selected_prefix_by_regime,ok,13,paper_i_hh_fullmeta_singleton_symmetry_20260630_schedfix_powell__weak_strong__snake__A_native_staged_singleton_hard_guard__native_forced__powell200__depth30_noearlystop__fullmeta_singleton_symmetry,output/pdf/paper_i_hh_fullmeta_singleton_symmetry_chtc_current_20260630/paper_i_hh_fullmeta_singleton_symmetry_chtc_current_20260630_powell.json,dac548a960b73b70683233dc2020de61ce1d6b259057a7bdd9bbcf0552659a59,13,13,0.017982867707732053,,blocked_selected_prefix_state_not_serialized,not_computed,selected-prefix optimized state/theta is not serialized in the source artifact,66,58,226,qiskit_selected_snake_history_prefix_compile,ok,23084.0,33247.0,39165.0,72412.0,3154.0,11450.0,ok,snake_algorithmic_work_from_payload(scope=display_prefix),"{""audit_status"": ""ok"", ""history_position"": 13}","[[0.0,1.2557969818220298],[1.0,0.26357920035943505],[2.0,0.21236999461050432],[3.0,0.1600222605997479],[4.0,0.11443452613051441],[5.0,0.06799670457819418],[6.0,0.05817308739350535],[7.0,0.04431313204756404],[8.0,0.029193777025108725],[9.0,0.02551471589401544],[10.0,0.021923149053272084],[11.0,0.02004792387529797],[12.0,0.018672540485021205],[13.0,0.017982867707732053],[14.0,0.017907054168138092],[15.0,0.017830839068900373],[16.0,0.017772763751942477],[17.0,0.01757679775840515],[18.0,0.01755938483478059],[19.0,0.01748290887181292],[20.0,0.017424626827047707],[21.0,0.017228250120020938],[22.0,0.017209579467306835],[23.0,0.017134269080570252],[24.0,0.017122159383575752],[25.0,0.01711864213545433],[26.0,0.017118635096505574],[27.0,0.01711615321201121],[28.0,0.017116146527805354],[29.0,0.017116141402095275],[30.0,0.01711613644951937]]",output/chtc_retrievals/paper_i_hh_fullmeta_singleton_symmetry_20260630_current_fetch/raw_outputs/paper_i_hh_fullmeta_singleton_symmetry_20260630_schedfix_powell/paper_i_hh_fullmeta_singleton_symmetry_20260630_schedfix_powell__weak_strong__snake__A_native_staged_singleton_hard_guard__native_forced__powell200__depth30_noearlystop__fullmeta_singleton_symmetry/json/result.json,687528467acb19bc42833c06c200d842b32eceb9bff8d67f76945e149ea590a0,output/chtc_retrievals/paper_i_hh_fullmeta_singleton_symmetry_20260630_current_fetch/raw_outputs/paper_i_hh_fullmeta_singleton_symmetry_20260630_schedfix_powell/paper_i_hh_fullmeta_singleton_symmetry_20260630_schedfix_powell__weak_strong__snake__A_native_staged_singleton_hard_guard__native_forced__powell200__depth30_noearlystop__fullmeta_singleton_symmetry,selected_prefix_k=13; policy=manual_snake_selected_prefix_by_regime; source=output/chtc_retrievals/paper_i_hh_fullmeta_singleton_symmetry_20260630_current_fetch/raw_outputs/paper_i_hh_fullmeta_singleton_symmetry_20260630_schedfix_powell/paper_i_hh_fullmeta_singleton_symmetry_20260630_schedfix_powell__weak_strong__snake__A_native_staged_singleton_hard_guard__native_forced__powell200__depth30_noearlystop__fullmeta_singleton_symmetry/json/result.json
geo_macro_c,Geo macro,Geo-ADAPT with macro-generator-only pool,C_macro_only,weak-strong,geo,POWELL,done,true,,first_plateau_rel_tol,ok,8,paper_i_hh_fullmeta_singleton_symmetry_20260630_schedfix_powell__weak_strong__geo__C_macro_only__native_forced__powell200__depth30_noearlystop__fullmeta_singleton_symmetry,output/pdf/paper_i_hh_fullmeta_singleton_symmetry_chtc_current_20260630/paper_i_hh_fullmeta_singleton_symmetry_chtc_current_20260630_powell.json,dac548a960b73b70683233dc2020de61ce1d6b259057a7bdd9bbcf0552659a59,8,8,0.043646714159213396,,blocked_selected_prefix_state_not_serialized,not_computed,selected-prefix optimized state/theta is not serialized in the source artifact,1784,1641,6160,qiskit_selected_generic_prefix_compile,ok,3061.0,395398.0,0.0,395398.0,157693.0,47155.0,ok,generic_result_adapt_history_prefix_components,"{""components"": {""N_H_refit_eval"": 4211.0, ""N_grad_probe"": 817.0, ""N_metric_probe"": 42127.0, ""N_other_quantum"": 0.0, ""history_len"": 30}, ""reference_state_status"": ""ok""}","[[0.0,1.255796981822031],[1.0,0.2635792003593489],[2.0,0.1580243236886072],[3.0,0.04994294764290452],[4.0,0.048054650166515556],[5.0,0.04616593734696206],[6.0,0.04378645604349041],[7.0,0.043646714159213396],[8.0,0.04139381176829238],[9.0,0.040822115860798425],[10.0,0.04057424874069837],[11.0,0.04035860940670366],[12.0,0.04034420254817084],[13.0,0.04033330444652883],[14.0,0.04007366076994412],[15.0,0.039952204070669683],[16.0,0.039931271465324825],[17.0,0.03984435462947111],[18.0,0.03979474067338318],[19.0,0.03976344187523129],[20.0,0.039715604954706496],[21.0,0.03968632850702747],[22.0,0.039673122474191524],[23.0,0.03967287756004945],[24.0,0.03964751598411809],[25.0,0.03964714156481586],[26.0,0.03964714061839425],[27.0,0.03963323209707981],[28.0,0.03962448434982235],[29.0,0.03962443617682254],[30.0,0.03962443617682254]]",output/chtc_retrievals/paper_i_hh_fullmeta_singleton_symmetry_20260630_current_fetch/raw_outputs/paper_i_hh_fullmeta_singleton_symmetry_20260630_schedfix_powell/paper_i_hh_fullmeta_singleton_symmetry_20260630_schedfix_powell__weak_strong__geo__C_macro_only__native_forced__powell200__depth30_noearlystop__fullmeta_singleton_symmetry/result/generic_static_single.json,25bd7623cd9606c238851827b6d54e2fa98dd8dbc9da707ca17edd2678594259,output/chtc_retrievals/paper_i_hh_fullmeta_singleton_symmetry_20260630_current_fetch/raw_outputs/paper_i_hh_fullmeta_singleton_symmetry_20260630_schedfix_powell/paper_i_hh_fullmeta_singleton_symmetry_20260630_schedfix_powell__weak_strong__geo__C_macro_only__native_forced__powell200__depth30_noearlystop__fullmeta_singleton_symmetry,selected_prefix_k=8; policy=first_plateau_rel_tol; source=output/chtc_retrievals/paper_i_hh_fullmeta_singleton_symmetry_20260630_current_fetch/raw_outputs/paper_i_hh_fullmeta_singleton_symmetry_20260630_schedfix_powell/paper_i_hh_fullmeta_singleton_symmetry_20260630_schedfix_powell__weak_strong__geo__C_macro_only__native_forced__powell200__depth30_noearlystop__fullmeta_singleton_symmetry/result/generic_static_single.json
geo_singleton_b1,Geo singleton,Geo-ADAPT with common Phase-0 hard-guard singleton pool,B_common_phase0_singleton_hard_guard,weak-strong,geo,POWELL,done,true,,first_plateau_rel_tol,ok,4,paper_i_hh_fullmeta_singleton_symmetry_20260630_schedfix_powell__weak_strong__geo__B_common_phase0_singleton_hard_guard__native_forced__powell200__depth30_noearlystop__fullmeta_singleton_symmetry,output/pdf/paper_i_hh_fullmeta_singleton_symmetry_chtc_current_20260630/paper_i_hh_fullmeta_singleton_symmetry_chtc_current_20260630_powell.json,dac548a960b73b70683233dc2020de61ce1d6b259057a7bdd9bbcf0552659a59,4,4,0.15703468753009342,,blocked_selected_prefix_state_not_serialized,not_computed,selected-prefix optimized state/theta is not serialized in the source artifact,280,280,1610,qiskit_selected_generic_prefix_compile,ok,34981.0,454329.0,0.0,454329.0,20411997.0,2728149.0,ok,generic_result_adapt_history_prefix_components,"{""components"": {""N_H_refit_eval"": 873.0, ""N_grad_probe"": 4665.0, ""N_metric_probe"": 2722611.0, ""N_other_quantum"": 0.0, ""history_len"": 30}, ""reference_state_status"": ""ok""}","[[0.0,1.2557969818220311],[1.0,0.2635792003593491],[2.0,0.15802432368860675],[3.0,0.15703468753009342],[4.0,0.048829218848372324],[5.0,0.04770882682859412],[6.0,0.04767325545740264],[7.0,0.04766638967743386],[8.0,0.04766350123502905],[9.0,0.047661912190543276],[10.0,0.0476609054773105],[11.0,0.0476602116328988],[12.0,0.047659704176356676],[13.0,0.047659316900011905],[14.0,0.04765901169088815],[15.0,0.047658764884292104],[16.0,0.047658561305809144],[17.0,0.0476585596857404],[18.0,0.0476582456767356],[19.0,0.04765811947992127],[20.0,0.047658013925546916],[21.0,0.047657915243690896],[22.0,0.047657830551153024],[23.0,0.04765775412262885],[24.0,0.047657686186652004],[25.0,0.04765762506122573],[26.0,0.04765757123974801],[27.0,0.04765752002371837],[28.0,0.04765747238072482],[29.0,0.047657471890959924],[30.0,0.047657471890959924]]",output/chtc_retrievals/paper_i_hh_fullmeta_singleton_symmetry_20260630_current_fetch/raw_outputs/paper_i_hh_fullmeta_singleton_symmetry_20260630_schedfix_powell/paper_i_hh_fullmeta_singleton_symmetry_20260630_schedfix_powell__weak_strong__geo__B_common_phase0_singleton_hard_guard__native_forced__powell200__depth30_noearlystop__fullmeta_singleton_symmetry/result/generic_static_single.json,40491e3393119edc3916753bb0739bfb7e8ee75b51bb7c3ec2471c99d25eba84,output/chtc_retrievals/paper_i_hh_fullmeta_singleton_symmetry_20260630_current_fetch/raw_outputs/paper_i_hh_fullmeta_singleton_symmetry_20260630_schedfix_powell/paper_i_hh_fullmeta_singleton_symmetry_20260630_schedfix_powell__weak_strong__geo__B_common_phase0_singleton_hard_guard__native_forced__powell200__depth30_noearlystop__fullmeta_singleton_symmetry,selected_prefix_k=4; policy=first_plateau_rel_tol; source=output/chtc_retrievals/paper_i_hh_fullmeta_singleton_symmetry_20260630_current_fetch/raw_outputs/paper_i_hh_fullmeta_singleton_symmetry_20260630_schedfix_powell/paper_i_hh_fullmeta_singleton_symmetry_20260630_schedfix_powell__weak_strong__geo__B_common_phase0_singleton_hard_guard__native_forced__powell200__depth30_noearlystop__fullmeta_singleton_symmetry/result/generic_static_single.json
append_macro_c,Append macro,append-only ADAPT with macro-generator-only pool,C_macro_only,weak-strong,append,POWELL,done,true,,first_plateau_rel_tol,ok,23,paper_i_hh_fullmeta_singleton_symmetry_20260630_schedfix_powell__weak_strong__append__C_macro_only__native_forced__powell200__depth30_noearlystop__fullmeta_singleton_symmetry,output/pdf/paper_i_hh_fullmeta_singleton_symmetry_chtc_current_20260630/paper_i_hh_fullmeta_singleton_symmetry_chtc_current_20260630_powell.json,dac548a960b73b70683233dc2020de61ce1d6b259057a7bdd9bbcf0552659a59,23,23,0.023007750483881706,,blocked_selected_prefix_state_not_serialized,not_computed,selected-prefix optimized state/theta is not serialized in the source artifact,32596,31946,94899,qiskit_selected_generic_prefix_compile,ok,2655.0,335777.0,0.0,335777.0,0.0,136947.0,ok,generic_result_adapt_history_prefix_components,"{""components"": {""N_H_refit_eval"": 134831.0, ""N_grad_probe"": 2116.0, ""N_metric_probe"": 0.0, ""N_other_quantum"": 0.0, ""history_len"": 30}, ""reference_state_status"": ""ok""}","[[0.0,1.2557969818220311],[1.0,1.107514525113144],[2.0,0.26357920035935245],[3.0,0.1580243236886073],[4.0,0.04994294764290452],[5.0,0.04805465016651356],[6.0,0.04717686082998651],[7.0,0.046165937346966945],[8.0,0.04376416420734208],[9.0,0.04340643992293214],[10.0,0.04138685830557298],[11.0,0.04135005803445968],[12.0,0.04134454411074451],[13.0,0.040657959572897084],[14.0,0.04062973432006145],[15.0,0.04062822300784674],[16.0,0.04031451250811191],[17.0,0.040304148891752156],[18.0,0.04029843899987484],[19.0,0.037932916680788686],[20.0,0.027352561509854656],[21.0,0.026290779921484875],[22.0,0.023007750483881706],[23.0,0.019354949951648548],[24.0,0.0193028898152674],[25.0,0.018992238522728577],[26.0,0.01889571285403946],[27.0,0.01888035999843729],[28.0,0.018858265832871313],[29.0,0.018857259860106446],[30.0,0.018857259860106446]]",output/chtc_retrievals/paper_i_hh_fullmeta_singleton_symmetry_20260630_current_fetch/raw_outputs/paper_i_hh_fullmeta_singleton_symmetry_20260630_schedfix_powell/paper_i_hh_fullmeta_singleton_symmetry_20260630_schedfix_powell__weak_strong__append__C_macro_only__native_forced__powell200__depth30_noearlystop__fullmeta_singleton_symmetry/result/generic_static_single.json,22618c3753c502121b4aeb03d07a76368b0ae8fb948054b827e1284c4def6579,output/chtc_retrievals/paper_i_hh_fullmeta_singleton_symmetry_20260630_current_fetch/raw_outputs/paper_i_hh_fullmeta_singleton_symmetry_20260630_schedfix_powell/paper_i_hh_fullmeta_singleton_symmetry_20260630_schedfix_powell__weak_strong__append__C_macro_only__native_forced__powell200__depth30_noearlystop__fullmeta_singleton_symmetry,selected_prefix_k=23; policy=first_plateau_rel_tol; source=output/chtc_retrievals/paper_i_hh_fullmeta_singleton_symmetry_20260630_current_fetch/raw_outputs/paper_i_hh_fullmeta_singleton_symmetry_20260630_schedfix_powell/paper_i_hh_fullmeta_singleton_symmetry_20260630_schedfix_powell__weak_strong__append__C_macro_only__native_forced__powell200__depth30_noearlystop__fullmeta_singleton_symmetry/result/generic_static_single.json
append_singleton_b1,Append singleton,append-only ADAPT with common Phase-0 hard-guard singleton pool,B_common_phase0_singleton_hard_guard,weak-strong,append,POWELL,done,true,,first_plateau_rel_tol,ok,28,paper_i_hh_fullmeta_singleton_symmetry_20260630_schedfix_powell__weak_strong__append__B_common_phase0_singleton_hard_guard__native_forced__powell200__depth30_noearlystop__fullmeta_singleton_symmetry,output/pdf/paper_i_hh_fullmeta_singleton_symmetry_chtc_current_20260630/paper_i_hh_fullmeta_singleton_symmetry_chtc_current_20260630_powell.json,dac548a960b73b70683233dc2020de61ce1d6b259057a7bdd9bbcf0552659a59,28,28,0.03467788421890905,,blocked_selected_prefix_state_not_serialized,not_computed,selected-prefix optimized state/theta is not serialized in the source artifact,27400,27169,77949,qiskit_selected_generic_prefix_compile,ok,34575.0,260714.0,0.0,260714.0,0.0,228209.0,ok,generic_result_adapt_history_prefix_components,"{""components"": {""N_H_refit_eval"": 195911.0, ""N_grad_probe"": 32298.0, ""N_metric_probe"": 0.0, ""N_other_quantum"": 0.0, ""history_len"": 30}, ""reference_state_status"": ""ok""}","[[0.0,1.2557969818220311],[1.0,1.107514525113144],[2.0,0.26357920035935245],[3.0,0.1580243236886073],[4.0,0.04994294764290452],[5.0,0.04805465016651356],[6.0,0.04717686082998651],[7.0,0.046165937346966945],[8.0,0.04376416420734208],[9.0,0.04340643992293214],[10.0,0.04138685830557298],[11.0,0.04107547702305192],[12.0,0.0391314589221925],[13.0,0.03891120166506434],[14.0,0.03882294262534991],[15.0,0.03836845961409341],[16.0,0.03833088703523213],[17.0,0.038296490373128655],[18.0,0.038271990068733164],[19.0,0.036255968492809876],[20.0,0.036246801393925665],[21.0,0.03624502596063062],[22.0,0.03570610695022314],[23.0,0.0356842162794766],[24.0,0.035410756502596286],[25.0,0.03488918197631952],[26.0,0.03486599362010301],[27.0,0.03467788421890905],[28.0,0.03210612383178413],[29.0,0.030839307276278927],[30.0,0.030839307276278927]]",output/chtc_retrievals/paper_i_hh_fullmeta_singleton_symmetry_20260630_current_fetch/raw_outputs/paper_i_hh_fullmeta_singleton_symmetry_20260630_schedfix_powell/paper_i_hh_fullmeta_singleton_symmetry_20260630_schedfix_powell__weak_strong__append__B_common_phase0_singleton_hard_guard__native_forced__powell200__depth30_noearlystop__fullmeta_singleton_symmetry/result/generic_static_single.json,88c08819dae88f164371af6ab2c39922ad818557a2da04d01951e6239d68acdf,output/chtc_retrievals/paper_i_hh_fullmeta_singleton_symmetry_20260630_current_fetch/raw_outputs/paper_i_hh_fullmeta_singleton_symmetry_20260630_schedfix_powell/paper_i_hh_fullmeta_singleton_symmetry_20260630_schedfix_powell__weak_strong__append__B_common_phase0_singleton_hard_guard__native_forced__powell200__depth30_noearlystop__fullmeta_singleton_symmetry,selected_prefix_k=28; policy=first_plateau_rel_tol; source=output/chtc_retrievals/paper_i_hh_fullmeta_singleton_symmetry_20260630_current_fetch/raw_outputs/paper_i_hh_fullmeta_singleton_symmetry_20260630_schedfix_powell/paper_i_hh_fullmeta_singleton_symmetry_20260630_schedfix_powell__weak_strong__append__B_common_phase0_singleton_hard_guard__native_forced__powell200__depth30_noearlystop__fullmeta_singleton_symmetry/result/generic_static_single.json
snake_native_a1,SNAKE,native SNAKE with Phase-III hard-guard singleton replacement,A_native_staged_singleton_hard_guard,intermediate-strong,snake,POWELL,done,true,,manual_snake_selected_prefix_by_regime,ok,30,paper_i_hh_fullmeta_singleton_symmetry_20260630_schedfix_powell__intermediate_strong__snake__A_native_staged_singleton_hard_guard__native_forced__powell200__depth30_noearlystop__fullmeta_singleton_symmetry,output/pdf/paper_i_hh_fullmeta_singleton_symmetry_chtc_current_20260630/paper_i_hh_fullmeta_singleton_symmetry_chtc_current_20260630_powell.json,dac548a960b73b70683233dc2020de61ce1d6b259057a7bdd9bbcf0552659a59,30,30,0.0003055579228532501,0.9999144643893013,ok_terminal_selected_prefix,input_report_row_terminal_fidelity,selected prefix equals terminal row iteration,150,122,602,qiskit_selected_snake_history_prefix_compile,ok,31044.0,71664.0,82663.0,154327.0,4094.0,189465.0,ok,snake_algorithmic_work_from_payload(scope=display_prefix),"{""audit_status"": ""ok"", ""history_position"": 30}","[[0.0,1.0696627633243228],[1.0,0.2489104048313987],[2.0,0.15352857805137288],[3.0,0.12623995576649066],[4.0,0.09612411074422889],[5.0,0.06188354993792633],[6.0,0.025652393713797905],[7.0,0.0202097083643471],[8.0,0.014500073890107323],[9.0,0.014441377282140677],[10.0,0.011426780834466799],[11.0,0.008703134162517667],[12.0,0.008285224564468341],[13.0,0.00793925422276387],[14.0,0.007882090068523917],[15.0,0.007870262870193545],[16.0,0.007853275742189858],[17.0,0.007809306072501854],[18.0,0.0061748270998203125],[19.0,0.005859413719922046],[20.0,0.002366699769408287],[21.0,0.001171959848917048],[22.0,0.0009751750121967939],[23.0,0.0007432374161102651],[24.0,0.0004968800355731329],[25.0,0.00043152681376701363],[26.0,0.0004149990048586405],[27.0,0.0003875277081878403],[28.0,0.00036233023906317996],[29.0,0.0003060380131012508],[30.0,0.0003055579228532501]]",output/chtc_retrievals/paper_i_hh_fullmeta_singleton_symmetry_20260630_current_fetch/raw_outputs/paper_i_hh_fullmeta_singleton_symmetry_20260630_schedfix_powell/paper_i_hh_fullmeta_singleton_symmetry_20260630_schedfix_powell__intermediate_strong__snake__A_native_staged_singleton_hard_guard__native_forced__powell200__depth30_noearlystop__fullmeta_singleton_symmetry/json/result.json,69a279f6f5f5b83f5c56836d4078ddfe9d239cadaf5b233a0c7ae853b94cd327,output/chtc_retrievals/paper_i_hh_fullmeta_singleton_symmetry_20260630_current_fetch/raw_outputs/paper_i_hh_fullmeta_singleton_symmetry_20260630_schedfix_powell/paper_i_hh_fullmeta_singleton_symmetry_20260630_schedfix_powell__intermediate_strong__snake__A_native_staged_singleton_hard_guard__native_forced__powell200__depth30_noearlystop__fullmeta_singleton_symmetry,selected_prefix_k=30; policy=manual_snake_selected_prefix_by_regime; source=output/chtc_retrievals/paper_i_hh_fullmeta_singleton_symmetry_20260630_current_fetch/raw_outputs/paper_i_hh_fullmeta_singleton_symmetry_20260630_schedfix_powell/paper_i_hh_fullmeta_singleton_symmetry_20260630_schedfix_powell__intermediate_strong__snake__A_native_staged_singleton_hard_guard__native_forced__powell200__depth30_noearlystop__fullmeta_singleton_symmetry/json/result.json
geo_macro_c,Geo macro,Geo-ADAPT with macro-generator-only pool,C_macro_only,intermediate-strong,geo,POWELL,done,true,,first_plateau_rel_tol,ok,8,paper_i_hh_fullmeta_singleton_symmetry_20260630_schedfix_powell__intermediate_strong__geo__C_macro_only__native_forced__powell200__depth30_noearlystop__fullmeta_singleton_symmetry,output/pdf/paper_i_hh_fullmeta_singleton_symmetry_chtc_current_20260630/paper_i_hh_fullmeta_singleton_symmetry_chtc_current_20260630_powell.json,dac548a960b73b70683233dc2020de61ce1d6b259057a7bdd9bbcf0552659a59,8,8,0.02897791863102661,,blocked_selected_prefix_state_not_serialized,not_computed,selected-prefix optimized state/theta is not serialized in the source artifact,1784,1632,6104,qiskit_selected_generic_prefix_compile,ok,3061.0,439639.0,0.0,439639.0,157693.0,47245.0,ok,generic_result_adapt_history_prefix_components,"{""components"": {""N_H_refit_eval"": 4301.0, ""N_grad_probe"": 817.0, ""N_metric_probe"": 42127.0, ""N_other_quantum"": 0.0, ""history_len"": 30}, ""reference_state_status"": ""ok""}","[[0.0,1.0696627633243154],[1.0,0.2489104048313906],[2.0,0.14335552816064911],[3.0,0.03527415211494733],[4.0,0.03338585463855637],[5.0,0.03149714181900887],[6.0,0.029117660515533883],[7.0,0.02897791863102661],[8.0,0.026725016240164545],[9.0,0.0261533203328419],[10.0,0.025905453212645035],[11.0,0.025493016005384117],[12.0,0.02548240570981586],[13.0,0.025328599193248813],[14.0,0.02524312637030679],[15.0,0.025188370730205967],[16.0,0.02517502507347502],[17.0,0.025121284499552754],[18.0,0.02509131934308184],[19.0,0.02509131428709077],[20.0,0.02508764550096254],[21.0,0.025086744563760588],[22.0,0.02508672073345042],[23.0,0.02508636385107188],[24.0,0.025086354818327883],[25.0,0.025086180782021295],[26.0,0.025086180781441647],[27.0,0.02508608169906479],[28.0,0.02508608139868629],[29.0,0.02508602027123019],[30.0,0.02508602027123019]]",output/chtc_retrievals/paper_i_hh_fullmeta_singleton_symmetry_20260630_current_fetch/raw_outputs/paper_i_hh_fullmeta_singleton_symmetry_20260630_schedfix_powell/paper_i_hh_fullmeta_singleton_symmetry_20260630_schedfix_powell__intermediate_strong__geo__C_macro_only__native_forced__powell200__depth30_noearlystop__fullmeta_singleton_symmetry/result/generic_static_single.json,de9f753615c18471814ffbc7c2e1fbeb7e9ae399025e90985b7635500e21c01e,output/chtc_retrievals/paper_i_hh_fullmeta_singleton_symmetry_20260630_current_fetch/raw_outputs/paper_i_hh_fullmeta_singleton_symmetry_20260630_schedfix_powell/paper_i_hh_fullmeta_singleton_symmetry_20260630_schedfix_powell__intermediate_strong__geo__C_macro_only__native_forced__powell200__depth30_noearlystop__fullmeta_singleton_symmetry,selected_prefix_k=8; policy=first_plateau_rel_tol; source=output/chtc_retrievals/paper_i_hh_fullmeta_singleton_symmetry_20260630_current_fetch/raw_outputs/paper_i_hh_fullmeta_singleton_symmetry_20260630_schedfix_powell/paper_i_hh_fullmeta_singleton_symmetry_20260630_schedfix_powell__intermediate_strong__geo__C_macro_only__native_forced__powell200__depth30_noearlystop__fullmeta_singleton_symmetry/result/generic_static_single.json
geo_singleton_b1,Geo singleton,Geo-ADAPT with common Phase-0 hard-guard singleton pool,B_common_phase0_singleton_hard_guard,intermediate-strong,geo,POWELL,done,true,,first_plateau_rel_tol,ok,2,paper_i_hh_fullmeta_singleton_symmetry_20260630_schedfix_powell__intermediate_strong__geo__B_common_phase0_singleton_hard_guard__native_forced__powell200__depth30_noearlystop__fullmeta_singleton_symmetry,output/pdf/paper_i_hh_fullmeta_singleton_symmetry_chtc_current_20260630/paper_i_hh_fullmeta_singleton_symmetry_chtc_current_20260630_powell.json,dac548a960b73b70683233dc2020de61ce1d6b259057a7bdd9bbcf0552659a59,2,2,0.24891040483139076,,blocked_selected_prefix_state_not_serialized,not_computed,selected-prefix optimized state/theta is not serialized in the source artifact,40,40,285,qiskit_selected_generic_prefix_compile,ok,34981.0,13695.0,0.0,13695.0,20411997.0,1364468.0,ok,generic_result_adapt_history_prefix_components,"{""components"": {""N_H_refit_eval"": 246.0, ""N_grad_probe"": 2333.0, ""N_metric_probe"": 1361889.0, ""N_other_quantum"": 0.0, ""history_len"": 30}, ""reference_state_status"": ""ok""}","[[0.0,1.069662763324315],[1.0,0.24891040483139076],[2.0,0.14335552816064934],[3.0,0.14236589200213445],[4.0,0.13939856482824858],[5.0,0.13912677130833184],[6.0,0.139126698777306],[7.0,0.13912669877723705],[8.0,0.13912669877717826],[9.0,0.13912669877712425],[10.0,0.1391266987770764],[11.0,0.13912669877703754],[12.0,0.1391266987770019],[13.0,0.1391266987769716],[14.0,0.13912669877694472],[15.0,0.13912669877692474],[16.0,0.13912669877690476],[17.0,0.13912669877688372],[18.0,0.13912669877686695],[19.0,0.13912669877685147],[20.0,0.1391266987768361],[21.0,0.13912669877682593],[22.0,0.1391266987768116],[23.0,0.13912669877680317],[24.0,0.13912669877679495],[25.0,0.1391266987767883],[26.0,0.1391266987767818],[27.0,0.13912669877677475],[28.0,0.1391266987767693],[29.0,0.13912669877676703],[30.0,0.13912669877676703]]",output/chtc_retrievals/paper_i_hh_fullmeta_singleton_symmetry_20260630_current_fetch/raw_outputs/paper_i_hh_fullmeta_singleton_symmetry_20260630_schedfix_powell/paper_i_hh_fullmeta_singleton_symmetry_20260630_schedfix_powell__intermediate_strong__geo__B_common_phase0_singleton_hard_guard__native_forced__powell200__depth30_noearlystop__fullmeta_singleton_symmetry/result/generic_static_single.json,8ac181b2ea90f29160443fc99e44adcfa19bab730c523cf77bb03675c1d465a3,output/chtc_retrievals/paper_i_hh_fullmeta_singleton_symmetry_20260630_current_fetch/raw_outputs/paper_i_hh_fullmeta_singleton_symmetry_20260630_schedfix_powell/paper_i_hh_fullmeta_singleton_symmetry_20260630_schedfix_powell__intermediate_strong__geo__B_common_phase0_singleton_hard_guard__native_forced__powell200__depth30_noearlystop__fullmeta_singleton_symmetry,selected_prefix_k=2; policy=first_plateau_rel_tol; source=output/chtc_retrievals/paper_i_hh_fullmeta_singleton_symmetry_20260630_current_fetch/raw_outputs/paper_i_hh_fullmeta_singleton_symmetry_20260630_schedfix_powell/paper_i_hh_fullmeta_singleton_symmetry_20260630_schedfix_powell__intermediate_strong__geo__B_common_phase0_singleton_hard_guard__native_forced__powell200__depth30_noearlystop__fullmeta_singleton_symmetry/result/generic_static_single.json
append_macro_c,Append macro,append-only ADAPT with macro-generator-only pool,C_macro_only,intermediate-strong,append,POWELL,done,true,,first_plateau_rel_tol,ok,25,paper_i_hh_fullmeta_singleton_symmetry_20260630_schedfix_powell__intermediate_strong__append__C_macro_only__native_forced__powell200__depth30_noearlystop__fullmeta_singleton_symmetry,output/pdf/paper_i_hh_fullmeta_singleton_symmetry_chtc_current_20260630/paper_i_hh_fullmeta_singleton_symmetry_chtc_current_20260630_powell.json,dac548a960b73b70683233dc2020de61ce1d6b259057a7bdd9bbcf0552659a59,25,25,0.009295831578261082,,blocked_selected_prefix_state_not_serialized,not_computed,selected-prefix optimized state/theta is not serialized in the source artifact,33340,32457,97248,qiskit_selected_generic_prefix_compile,ok,2655.0,365559.0,0.0,365559.0,0.0,167416.0,ok,generic_result_adapt_history_prefix_components,"{""components"": {""N_H_refit_eval"": 165141.0, ""N_grad_probe"": 2275.0, ""N_metric_probe"": 0.0, ""N_other_quantum"": 0.0, ""history_len"": 30}, ""reference_state_status"": ""ok""}","[[0.0,1.069662763324315],[1.0,0.24891040483139076],[2.0,0.14335552816064934],[3.0,0.03527415211494778],[4.0,0.03338585463855637],[5.0,0.03249423965803033],[6.0,0.031497141819123664],[7.0,0.028364847552678207],[8.0,0.028315968522911628],[9.0,0.02671924717101848],[10.0,0.026684706183192408],[11.0,0.026677828058053854],[12.0,0.026666658970336377],[13.0,0.025845385955909572],[14.0,0.025762040648161566],[15.0,0.02564821900853609],[16.0,0.02531205518067048],[17.0,0.02482196128403147],[18.0,0.024740554154393246],[19.0,0.024388858506806388],[20.0,0.024381146680737764],[21.0,0.024375409927323233],[22.0,0.023656318779916585],[23.0,0.02358910915750645],[24.0,0.009295831578261082],[25.0,0.008150300978024494],[26.0,0.008062325882759236],[27.0,0.008050410239208272],[28.0,0.008039512850272379],[29.0,0.007939042186650758],[30.0,0.007939042186650758]]",output/chtc_retrievals/paper_i_hh_fullmeta_singleton_symmetry_20260630_current_fetch/raw_outputs/paper_i_hh_fullmeta_singleton_symmetry_20260630_schedfix_powell/paper_i_hh_fullmeta_singleton_symmetry_20260630_schedfix_powell__intermediate_strong__append__C_macro_only__native_forced__powell200__depth30_noearlystop__fullmeta_singleton_symmetry/result/generic_static_single.json,1c24d47f5376fe6950ceb1e78b833cf4a6da5e318760b9caee395e3e45b3b257,output/chtc_retrievals/paper_i_hh_fullmeta_singleton_symmetry_20260630_current_fetch/raw_outputs/paper_i_hh_fullmeta_singleton_symmetry_20260630_schedfix_powell/paper_i_hh_fullmeta_singleton_symmetry_20260630_schedfix_powell__intermediate_strong__append__C_macro_only__native_forced__powell200__depth30_noearlystop__fullmeta_singleton_symmetry,selected_prefix_k=25; policy=first_plateau_rel_tol; source=output/chtc_retrievals/paper_i_hh_fullmeta_singleton_symmetry_20260630_current_fetch/raw_outputs/paper_i_hh_fullmeta_singleton_symmetry_20260630_schedfix_powell/paper_i_hh_fullmeta_singleton_symmetry_20260630_schedfix_powell__intermediate_strong__append__C_macro_only__native_forced__powell200__depth30_noearlystop__fullmeta_singleton_symmetry/result/generic_static_single.json
append_singleton_b1,Append singleton,append-only ADAPT with common Phase-0 hard-guard singleton pool,B_common_phase0_singleton_hard_guard,intermediate-strong,append,POWELL,done,true,,first_plateau_rel_tol,ok,28,paper_i_hh_fullmeta_singleton_symmetry_20260630_schedfix_powell__intermediate_strong__append__B_common_phase0_singleton_hard_guard__native_forced__powell200__depth30_noearlystop__fullmeta_singleton_symmetry,output/pdf/paper_i_hh_fullmeta_singleton_symmetry_chtc_current_20260630/paper_i_hh_fullmeta_singleton_symmetry_chtc_current_20260630_powell.json,dac548a960b73b70683233dc2020de61ce1d6b259057a7bdd9bbcf0552659a59,28,28,0.014156878188901989,,blocked_selected_prefix_state_not_serialized,not_computed,selected-prefix optimized state/theta is not serialized in the source artifact,32782,32239,96144,qiskit_selected_generic_prefix_compile,ok,34575.0,277301.0,0.0,277301.0,0.0,247019.0,ok,generic_result_adapt_history_prefix_components,"{""components"": {""N_H_refit_eval"": 214721.0, ""N_grad_probe"": 32298.0, ""N_metric_probe"": 0.0, ""N_other_quantum"": 0.0, ""history_len"": 30}, ""reference_state_status"": ""ok""}","[[0.0,1.069662763324315],[1.0,0.24891040483139076],[2.0,0.14335552816064934],[3.0,0.03527415211494778],[4.0,0.03338585463855637],[5.0,0.03249423965803033],[6.0,0.031497141819123664],[7.0,0.028364847552678207],[8.0,0.028315968522911628],[9.0,0.02671924717101848],[10.0,0.02645033934188823],[11.0,0.025181031455984937],[12.0,0.02403133694834725],[13.0,0.0239473795882561],[14.0,0.022944024228191973],[15.0,0.022911729741816766],[16.0,0.022904985641236886],[17.0,0.022892189036481936],[18.0,0.020456250749954386],[19.0,0.020265138313472653],[20.0,0.019962352475285217],[21.0,0.01982424964077667],[22.0,0.019560540408550597],[23.0,0.019203315883363214],[24.0,0.014834946352286327],[25.0,0.014818096492156374],[26.0,0.014283957902799904],[27.0,0.014156878188901989],[28.0,0.013686799309279962],[29.0,0.01261732812545402],[30.0,0.01261732812545402]]",output/chtc_retrievals/paper_i_hh_fullmeta_singleton_symmetry_20260630_current_fetch/raw_outputs/paper_i_hh_fullmeta_singleton_symmetry_20260630_schedfix_powell/paper_i_hh_fullmeta_singleton_symmetry_20260630_schedfix_powell__intermediate_strong__append__B_common_phase0_singleton_hard_guard__native_forced__powell200__depth30_noearlystop__fullmeta_singleton_symmetry/result/generic_static_single.json,0a93d360e2ff0f7c0d2d370326c6a3ffdf8312cdaead3c822167f8eccd7cbf5f,output/chtc_retrievals/paper_i_hh_fullmeta_singleton_symmetry_20260630_current_fetch/raw_outputs/paper_i_hh_fullmeta_singleton_symmetry_20260630_schedfix_powell/paper_i_hh_fullmeta_singleton_symmetry_20260630_schedfix_powell__intermediate_strong__append__B_common_phase0_singleton_hard_guard__native_forced__powell200__depth30_noearlystop__fullmeta_singleton_symmetry,selected_prefix_k=28; policy=first_plateau_rel_tol; source=output/chtc_retrievals/paper_i_hh_fullmeta_singleton_symmetry_20260630_current_fetch/raw_outputs/paper_i_hh_fullmeta_singleton_symmetry_20260630_schedfix_powell/paper_i_hh_fullmeta_singleton_symmetry_20260630_schedfix_powell__intermediate_strong__append__B_common_phase0_singleton_hard_guard__native_forced__powell200__depth30_noearlystop__fullmeta_singleton_symmetry/result/generic_static_single.json
snake_native_a1,SNAKE,native SNAKE with Phase-III hard-guard singleton replacement,A_native_staged_singleton_hard_guard,strong-strong,snake,POWELL,done,true,,manual_snake_selected_prefix_by_regime,ok,10,paper_i_hh_fullmeta_singleton_strongstrong_depth0_repair_20260701_powell__strong_strong__snake__A_native_staged_singleton_hard_guard__native_forced__powell200__depth30_noearlystop__fullmeta_singleton_symmetry,output/pdf/paper_i_hh_fullmeta_singleton_symmetry_chtc_current_20260630/paper_i_hh_fullmeta_singleton_symmetry_chtc_current_20260630_powell.json,dac548a960b73b70683233dc2020de61ce1d6b259057a7bdd9bbcf0552659a59,10,10,4.13078086836105e-05,,blocked_selected_prefix_state_not_serialized,not_computed,selected-prefix optimized state/theta is not serialized in the source artifact,34,26,170,qiskit_selected_snake_history_prefix_compile,ok,20298.0,7527.0,6383.0,13910.0,2146.0,5623.0,ok,snake_algorithmic_work_from_payload(scope=display_prefix),"{""audit_status"": ""ok"", ""history_position"": 10}","[[0.0,0.3563180966716415],[1.0,0.007287767289723024],[2.0,0.006363548522815732],[3.0,0.0037815688101690004],[4.0,0.002821165843623019],[5.0,0.0001551494420575228],[6.0,0.00010431790348164327],[7.0,5.345985397553488e-05],[8.0,4.836717316036854e-05],[9.0,4.327320376795729e-05],[10.0,4.13078086836105e-05],[11.0,4.014250644446271e-05],[12.0,3.993574639249431e-05],[13.0,3.923374924985623e-05],[14.0,3.921011141860831e-05],[15.0,3.921172146603702e-05],[16.0,3.921086090930004e-05],[17.0,3.921019401742498e-05],[18.0,3.921011214491621e-05],[19.0,3.9210754468221864e-05],[20.0,3.921020472241743e-05],[21.0,3.921014171093251e-05],[22.0,3.921011647656236e-05],[23.0,3.921010493579402e-05],[24.0,3.921008774532275e-05],[25.0,3.921007008589328e-05],[26.0,3.9210046658522124e-05],[27.0,3.9210022814373247e-05],[28.0,3.920999324802388e-05],[29.0,3.920707251503508e-05],[30.0,3.9207037042965354e-05]]",output/chtc_retrievals/paper_i_hh_fullmeta_singleton_symmetry_20260701_status_fetch/raw_outputs/paper_i_hh_fullmeta_singleton_strongstrong_depth0_repair_20260701_powell/paper_i_hh_fullmeta_singleton_strongstrong_depth0_repair_20260701_powell__strong_strong__snake__A_native_staged_singleton_hard_guard__native_forced__powell200__depth30_noearlystop__fullmeta_singleton_symmetry/json/result.json,053500f647d29d56c6907256ba85ad782f7fcdd0b9ce8e36c62b2f9d4f2bd1d4,output/chtc_retrievals/paper_i_hh_fullmeta_singleton_symmetry_20260701_status_fetch/raw_outputs/paper_i_hh_fullmeta_singleton_strongstrong_depth0_repair_20260701_powell/paper_i_hh_fullmeta_singleton_strongstrong_depth0_repair_20260701_powell__strong_strong__snake__A_native_staged_singleton_hard_guard__native_forced__powell200__depth30_noearlystop__fullmeta_singleton_symmetry,selected_prefix_k=10; policy=manual_snake_selected_prefix_by_regime; source=output/chtc_retrievals/paper_i_hh_fullmeta_singleton_symmetry_20260701_status_fetch/raw_outputs/paper_i_hh_fullmeta_singleton_strongstrong_depth0_repair_20260701_powell/paper_i_hh_fullmeta_singleton_strongstrong_depth0_repair_20260701_powell__strong_strong__snake__A_native_staged_singleton_hard_guard__native_forced__powell200__depth30_noearlystop__fullmeta_singleton_symmetry/json/result.json
geo_macro_c,Geo macro,Geo-ADAPT with macro-generator-only pool,C_macro_only,strong-strong,geo,POWELL,done,true,,first_plateau_rel_tol,ok,6,paper_i_hh_fullmeta_singleton_symmetry_20260630_schedfix_powell__strong_strong__geo__C_macro_only__native_forced__powell200__depth30_noearlystop__fullmeta_singleton_symmetry,output/pdf/paper_i_hh_fullmeta_singleton_symmetry_chtc_current_20260630/paper_i_hh_fullmeta_singleton_symmetry_chtc_current_20260630_powell.json,dac548a960b73b70683233dc2020de61ce1d6b259057a7bdd9bbcf0552659a59,6,6,4.982206763848307e-05,,blocked_selected_prefix_state_not_serialized,not_computed,selected-prefix optimized state/theta is not serialized in the source artifact,348,206,1149,qiskit_selected_generic_prefix_compile,ok,3061.0,45785.0,0.0,45785.0,157693.0,33962.0,ok,generic_result_adapt_history_prefix_components,"{""components"": {""N_H_refit_eval"": 1728.0, ""N_grad_probe"": 613.0, ""N_metric_probe"": 31621.0, ""N_other_quantum"": 0.0, ""history_len"": 30}, ""reference_state_status"": ""ok""}","[[0.0,0.3563180966716315],[1.0,0.22942372228929175],[2.0,0.22720322389487435],[3.0,0.22488840578295755],[4.0,5.8834812233232725e-05],[5.0,4.982206763848307e-05],[6.0,4.080673884965247e-05],[7.0,4.0401558231706325e-05],[8.0,4.005372951332298e-05],[9.0,3.999290506595532e-05],[10.0,3.999229963869144e-05],[11.0,3.9637959567184744e-05],[12.0,3.9613017277395635e-05],[13.0,3.961301709065612e-05],[14.0,3.961301687638308e-05],[15.0,3.961215082803893e-05],[16.0,3.961169304622647e-05],[17.0,3.961169284383281e-05],[18.0,3.9611692647212315e-05],[19.0,3.96116924400447e-05],[20.0,3.961169224286909e-05],[21.0,3.96116920398093e-05],[22.0,3.9611691853069786e-05],[23.0,3.961169166954992e-05],[24.0,3.9611691487473344e-05],[25.0,3.9611691314944686e-05],[26.0,3.961169113708696e-05],[27.0,3.961169095478834e-05],[28.0,3.9611690781149456e-05],[29.0,3.9611690593077675e-05],[30.0,3.9611690593077675e-05]]",output/chtc_retrievals/paper_i_hh_fullmeta_singleton_symmetry_20260630_current_fetch/raw_outputs/paper_i_hh_fullmeta_singleton_symmetry_20260630_schedfix_powell/paper_i_hh_fullmeta_singleton_symmetry_20260630_schedfix_powell__strong_strong__geo__C_macro_only__native_forced__powell200__depth30_noearlystop__fullmeta_singleton_symmetry/result/generic_static_single.json,cf8343a8dd6b59208c9bba8927bc3673eac99e03ef77f4e9df763388c8d7be63,output/chtc_retrievals/paper_i_hh_fullmeta_singleton_symmetry_20260630_current_fetch/raw_outputs/paper_i_hh_fullmeta_singleton_symmetry_20260630_schedfix_powell/paper_i_hh_fullmeta_singleton_symmetry_20260630_schedfix_powell__strong_strong__geo__C_macro_only__native_forced__powell200__depth30_noearlystop__fullmeta_singleton_symmetry,selected_prefix_k=6; policy=first_plateau_rel_tol; source=output/chtc_retrievals/paper_i_hh_fullmeta_singleton_symmetry_20260630_current_fetch/raw_outputs/paper_i_hh_fullmeta_singleton_symmetry_20260630_schedfix_powell/paper_i_hh_fullmeta_singleton_symmetry_20260630_schedfix_powell__strong_strong__geo__C_macro_only__native_forced__powell200__depth30_noearlystop__fullmeta_singleton_symmetry/result/generic_static_single.json
geo_singleton_b1,Geo singleton,Geo-ADAPT with common Phase-0 hard-guard singleton pool,B_common_phase0_singleton_hard_guard,strong-strong,geo,POWELL,done,true,,first_plateau_rel_tol,ok,4,paper_i_hh_fullmeta_singleton_symmetry_20260630_schedfix_powell__strong_strong__geo__B_common_phase0_singleton_hard_guard__native_forced__powell200__depth30_noearlystop__fullmeta_singleton_symmetry,output/pdf/paper_i_hh_fullmeta_singleton_symmetry_chtc_current_20260630/paper_i_hh_fullmeta_singleton_symmetry_chtc_current_20260630_powell.json,dac548a960b73b70683233dc2020de61ce1d6b259057a7bdd9bbcf0552659a59,4,4,0.003736209160662196,,blocked_selected_prefix_state_not_serialized,not_computed,selected-prefix optimized state/theta is not serialized in the source artifact,208,208,1170,qiskit_selected_generic_prefix_compile,ok,34981.0,12972.0,0.0,12972.0,20411997.0,2727920.0,ok,generic_result_adapt_history_prefix_components,"{""components"": {""N_H_refit_eval"": 644.0, ""N_grad_probe"": 4665.0, ""N_metric_probe"": 2722611.0, ""N_other_quantum"": 0.0, ""history_len"": 30}, ""reference_state_status"": ""ok""}","[[0.0,0.35631809667163117],[1.0,0.2294237222892911],[2.0,0.007287767289712588],[3.0,0.003736209160662196],[4.0,5.883481223201148e-05],[5.0,5.883201489542689e-05],[6.0,5.872442629750729e-05],[7.0,5.8724426269640695e-05],[8.0,5.872442623378049e-05],[9.0,5.8724426196365975e-05],[10.0,5.872442616239315e-05],[11.0,5.872442613286122e-05],[12.0,5.8724426099443505e-05],[13.0,5.8724426072909175e-05],[14.0,5.8724426045375644e-05],[15.0,5.8724426012291e-05],[16.0,5.872442598098271e-05],[17.0,5.872442595122873e-05],[18.0,5.8724425921918844e-05],[19.0,5.872442589527349e-05],[20.0,5.872442586918325e-05],[21.0,5.872442584220483e-05],[22.0,5.872442581944526e-05],[23.0,5.872442579291093e-05],[24.0,5.872442576249082e-05],[25.0,5.872442573862102e-05],[26.0,5.872442571008829e-05],[27.0,5.8724425685219295e-05],[28.0,5.872442565990621e-05],[29.0,5.8724425631262456e-05],[30.0,5.8724425631262456e-05]]",output/chtc_retrievals/paper_i_hh_fullmeta_singleton_symmetry_20260630_current_fetch/raw_outputs/paper_i_hh_fullmeta_singleton_symmetry_20260630_schedfix_powell/paper_i_hh_fullmeta_singleton_symmetry_20260630_schedfix_powell__strong_strong__geo__B_common_phase0_singleton_hard_guard__native_forced__powell200__depth30_noearlystop__fullmeta_singleton_symmetry/result/generic_static_single.json,051bc36847ce00ec8d30e5fdad93be6ec6ea9fd65ce20e6245f44f1fd9f0c24d,output/chtc_retrievals/paper_i_hh_fullmeta_singleton_symmetry_20260630_current_fetch/raw_outputs/paper_i_hh_fullmeta_singleton_symmetry_20260630_schedfix_powell/paper_i_hh_fullmeta_singleton_symmetry_20260630_schedfix_powell__strong_strong__geo__B_common_phase0_singleton_hard_guard__native_forced__powell200__depth30_noearlystop__fullmeta_singleton_symmetry,selected_prefix_k=4; policy=first_plateau_rel_tol; source=output/chtc_retrievals/paper_i_hh_fullmeta_singleton_symmetry_20260630_current_fetch/raw_outputs/paper_i_hh_fullmeta_singleton_symmetry_20260630_schedfix_powell/paper_i_hh_fullmeta_singleton_symmetry_20260630_schedfix_powell__strong_strong__geo__B_common_phase0_singleton_hard_guard__native_forced__powell200__depth30_noearlystop__fullmeta_singleton_symmetry/result/generic_static_single.json
append_macro_c,Append macro,append-only ADAPT with macro-generator-only pool,C_macro_only,strong-strong,append,POWELL,done,true,,first_plateau_rel_tol,ok,21,paper_i_hh_fullmeta_singleton_symmetry_20260630_schedfix_powell__strong_strong__append__C_macro_only__native_forced__powell200__depth30_noearlystop__fullmeta_singleton_symmetry,output/pdf/paper_i_hh_fullmeta_singleton_symmetry_chtc_current_20260630/paper_i_hh_fullmeta_singleton_symmetry_chtc_current_20260630_powell.json,dac548a960b73b70683233dc2020de61ce1d6b259057a7bdd9bbcf0552659a59,21,21,2.5774184875815287e-05,,blocked_selected_prefix_state_not_serialized,not_computed,selected-prefix optimized state/theta is not serialized in the source artifact,32600,31931,94541,qiskit_selected_generic_prefix_compile,ok,2655.0,528426.0,0.0,528426.0,0.0,73566.0,ok,generic_result_adapt_history_prefix_components,"{""components"": {""N_H_refit_eval"": 71613.0, ""N_grad_probe"": 1953.0, ""N_metric_probe"": 0.0, ""N_other_quantum"": 0.0, ""history_len"": 30}, ""reference_state_status"": ""ok""}","[[0.0,0.35631809667163117],[1.0,0.32005427954994026],[2.0,0.2294237222892913],[3.0,0.007287767289712033],[4.0,0.003736176561840998],[5.0,5.622645968450524e-05],[6.0,5.4196454499444435e-05],[7.0,4.5176229062859896e-05],[8.0,3.61579243989274e-05],[9.0,3.5913083628380527e-05],[10.0,3.233637341126805e-05],[11.0,3.090241246339609e-05],[12.0,3.089997667338196e-05],[13.0,2.7292536830203495e-05],[14.0,2.7286921989166935e-05],[15.0,2.7275069784837846e-05],[16.0,2.726887583592852e-05],[17.0,2.69029178717739e-05],[18.0,2.6688434076382883e-05],[19.0,2.578577145717631e-05],[20.0,2.5774184875815287e-05],[21.0,2.3717063057371313e-05],[22.0,2.3219954605968596e-05],[23.0,2.316130412738371e-05],[24.0,2.315213970949248e-05],[25.0,2.3117123990834543e-05],[26.0,2.3092040449923523e-05],[27.0,2.2729705120183574e-05],[28.0,2.2468701207145614e-05],[29.0,2.2421569721653434e-05],[30.0,2.2421569721653434e-05]]",output/chtc_retrievals/paper_i_hh_fullmeta_singleton_symmetry_20260630_current_fetch/raw_outputs/paper_i_hh_fullmeta_singleton_symmetry_20260630_schedfix_powell/paper_i_hh_fullmeta_singleton_symmetry_20260630_schedfix_powell__strong_strong__append__C_macro_only__native_forced__powell200__depth30_noearlystop__fullmeta_singleton_symmetry/result/generic_static_single.json,3044eab7111c647fbe211781365ed837b2c4d8e39c9a0a5104bdf2ee35534524,output/chtc_retrievals/paper_i_hh_fullmeta_singleton_symmetry_20260630_current_fetch/raw_outputs/paper_i_hh_fullmeta_singleton_symmetry_20260630_schedfix_powell/paper_i_hh_fullmeta_singleton_symmetry_20260630_schedfix_powell__strong_strong__append__C_macro_only__native_forced__powell200__depth30_noearlystop__fullmeta_singleton_symmetry,selected_prefix_k=21; policy=first_plateau_rel_tol; source=output/chtc_retrievals/paper_i_hh_fullmeta_singleton_symmetry_20260630_current_fetch/raw_outputs/paper_i_hh_fullmeta_singleton_symmetry_20260630_schedfix_powell/paper_i_hh_fullmeta_singleton_symmetry_20260630_schedfix_powell__strong_strong__append__C_macro_only__native_forced__powell200__depth30_noearlystop__fullmeta_singleton_symmetry/result/generic_static_single.json
append_singleton_b1,Append singleton,append-only ADAPT with common Phase-0 hard-guard singleton pool,B_common_phase0_singleton_hard_guard,strong-strong,append,POWELL,done,true,,first_plateau_rel_tol,ok,24,paper_i_hh_fullmeta_singleton_symmetry_20260630_schedfix_powell__strong_strong__append__B_common_phase0_singleton_hard_guard__native_forced__powell200__depth30_noearlystop__fullmeta_singleton_symmetry,output/pdf/paper_i_hh_fullmeta_singleton_symmetry_chtc_current_20260630/paper_i_hh_fullmeta_singleton_symmetry_chtc_current_20260630_powell.json,dac548a960b73b70683233dc2020de61ce1d6b259057a7bdd9bbcf0552659a59,24,24,2.654402854662674e-05,,blocked_selected_prefix_state_not_serialized,not_computed,selected-prefix optimized state/theta is not serialized in the source artifact,32234,31714,93028,qiskit_selected_generic_prefix_compile,ok,34575.0,131909.0,0.0,131909.0,0.0,89870.0,ok,generic_result_adapt_history_prefix_components,"{""components"": {""N_H_refit_eval"": 62138.0, ""N_grad_probe"": 27732.0, ""N_metric_probe"": 0.0, ""N_other_quantum"": 0.0, ""history_len"": 30}, ""reference_state_status"": ""ok""}","[[0.0,0.35631809667163117],[1.0,0.32005427954994026],[2.0,0.2294237222892913],[3.0,0.007287767289712033],[4.0,0.003736176561840998],[5.0,5.622645968450524e-05],[6.0,5.4196454499444435e-05],[7.0,4.5176229062859896e-05],[8.0,3.61579243989274e-05],[9.0,3.5913083628380527e-05],[10.0,3.5856204521067525e-05],[11.0,3.579463110925385e-05],[12.0,3.2108499797844914e-05],[13.0,3.067456974348293e-05],[14.0,3.067145229318502e-05],[15.0,3.060367157903254e-05],[16.0,2.6897994396368752e-05],[17.0,2.6890185531147637e-05],[18.0,2.6879950066116542e-05],[19.0,2.6850423267110735e-05],[20.0,2.6710689133513377e-05],[21.0,2.659885599631817e-05],[22.0,2.659064158250235e-05],[23.0,2.654402854662674e-05],[24.0,2.3148106477299812e-05],[25.0,2.3131210706739402e-05],[26.0,2.303377084089675e-05],[27.0,2.3033247218973152e-05],[28.0,2.303254901736551e-05],[29.0,2.3032480530260635e-05],[30.0,2.3032480530260635e-05]]",output/chtc_retrievals/paper_i_hh_fullmeta_singleton_symmetry_20260630_current_fetch/raw_outputs/paper_i_hh_fullmeta_singleton_symmetry_20260630_schedfix_powell/paper_i_hh_fullmeta_singleton_symmetry_20260630_schedfix_powell__strong_strong__append__B_common_phase0_singleton_hard_guard__native_forced__powell200__depth30_noearlystop__fullmeta_singleton_symmetry/result/generic_static_single.json,941fbe4ed5f027899a7def87d09d6d0f1e48a265671eb912895d89a934fffe7a,output/chtc_retrievals/paper_i_hh_fullmeta_singleton_symmetry_20260630_current_fetch/raw_outputs/paper_i_hh_fullmeta_singleton_symmetry_20260630_schedfix_powell/paper_i_hh_fullmeta_singleton_symmetry_20260630_schedfix_powell__strong_strong__append__B_common_phase0_singleton_hard_guard__native_forced__powell200__depth30_noearlystop__fullmeta_singleton_symmetry,selected_prefix_k=24; policy=first_plateau_rel_tol; source=output/chtc_retrievals/paper_i_hh_fullmeta_singleton_symmetry_20260630_current_fetch/raw_outputs/paper_i_hh_fullmeta_singleton_symmetry_20260630_schedfix_powell/paper_i_hh_fullmeta_singleton_symmetry_20260630_schedfix_powell__strong_strong__append__B_common_phase0_singleton_hard_guard__native_forced__powell200__depth30_noearlystop__fullmeta_singleton_symmetry/result/generic_static_single.json
